mesq_pres,b1_soilWater_0,b2_soilWater_10,b3_soilWater_30,b4_soilWater_60,b5_soilWater_100,b6_soilWater_200,b1_sandCont_0,b2_sandCont_10,b3_sandCont_30,b4_sandCont_60,b5_sandCont_100,b6_sandCont_200,b1_clayCont_0,b2_clayCont_10,b3_clayCont_30,b4_clayCont_60,b5_clayCont_100,b6_clayCont_200,b1_carbonCont_0,b2_carbonCont_10,b3_carbonCont_30,b4_carbonCont_60,b5_carbonCont_100,b6_carbonCont_200,ann_mean_temp,ann_temp_range,ann_precip,dist_road
0,16,16,17,18,18,19,59,59,57,56,55,53,19,19,22,23,24,25,1,1,1,0,0,0,160,368,410,324.939688
0,16,16,17,17,18,18,57,57,55,53,53,54,22,23,25,27,26,25,1,1,1,0,0,0,160,369,414,789.1793165
0,15,14,16,17,17,17,56,55,53,51,52,52,23,24,27,28,27,26,2,1,1,0,0,0,160,369,416,83.48466117
0,13,12,13,15,15,16,65,63,61,58,56,56,16,17,21,24,24,24,2,1,1,1,0,0,161,370,416,548.7403351
0,18,18,18,19,19,19,54,55,52,50,51,50,23,24,27,28,27,27,2,1,1,0,0,0,160,367,410,71.35943386
0,16,16,17,18,19,19,60,60,60,56,54,55,19,21,22,26,27,26,1,1,1,0,0,0,161,368,411,54.94957819
0,16,16,16,17,17,17,50,49,48,47,48,48,27,28,30,31,30,29,2,2,1,1,1,1,161,369,416,77.54000021
0,15,15,15,16,17,17,61,60,58,54,54,54,19,20,23,26,26,25,1,1,1,0,0,0,161,369,416,173.0927493
0,19,19,19,20,19,19,53,53,52,50,50,50,25,26,28,29,29,28,1,1,1,0,0,0,161,368,410,279.695782
1,17,17,17,18,19,19,61,60,59,54,53,54,20,21,24,28,28,27,2,2,1,1,0,0,161,368,410,699.8644934
0,15,15,15,17,18,18,60,59,56,54,54,53,21,22,25,29,29,28,1,1,1,0,0,0,161,368,410,838.7492308
0,17,16,17,18,18,18,59,59,57,54,55,54,21,22,25,28,27,27,2,1,1,1,0,0,161,369,414,70.3005162
1,17,17,18,18,19,20,56,55,53,53,51,51,19,21,23,24,25,23,2,2,1,1,0,0,161,369,416,172.0497313
0,14,14,15,16,17,17,64,63,60,59,59,59,18,19,22,23,23,22,2,1,1,1,0,0,161,369,416,244.4952063
0,16,16,16,18,18,19,58,57,55,53,52,53,19,20,23,25,26,24,2,2,1,1,0,0,161,368,410,745.0955916
1,17,16,17,18,18,19,58,58,54,52,52,52,18,18,23,26,26,26,2,2,1,1,0,0,161,368,410,123.9514797
1,16,16,16,17,17,17,62,61,60,57,56,56,18,19,21,23,24,23,2,1,1,1,0,0,161,369,410,130.1563362
0,15,15,16,16,17,17,62,60,58,55,56,56,16,18,21,24,23,23,2,1,1,1,0,0,161,369,410,240.6315722
0,15,15,15,16,17,17,57,56,55,53,52,52,22,23,26,28,28,27,2,1,1,1,0,0,162,368,410,65.0669594
0,16,16,17,17,18,18,62,63,59,57,55,56,18,19,23,25,26,24,2,1,1,1,0,0,161,369,410,378.5115664
0,15,15,16,16,17,18,61,60,57,53,53,53,18,20,24,28,27,26,2,1,1,1,0,0,161,369,410,247.6962038
0,15,15,15,16,16,17,63,62,59,57,57,56,17,18,23,25,24,24,2,1,1,1,0,0,161,369,410,235.8265458
0,15,15,15,16,16,17,62,61,59,58,59,59,18,19,22,24,23,22,1,1,1,0,0,0,161,369,410,174.6732235
0,14,14,15,16,16,17,65,65,60,59,57,57,15,16,21,23,24,24,1,1,1,1,0,0,161,369,412,1000.303161
0,14,15,15,16,17,17,65,66,61,59,59,59,15,16,22,24,24,23,1,1,1,1,0,0,161,369,412,1010.876818
1,14,14,15,16,16,17,66,66,63,61,61,60,16,16,21,22,22,22,1,1,1,1,0,0,161,369,412,895.8303605
0,15,15,16,17,17,18,63,63,59,57,56,56,18,18,23,25,24,24,1,1,1,1,0,0,161,369,413,884.5302001
0,15,15,16,16,17,17,65,66,62,60,58,58,16,17,22,24,25,24,1,1,1,1,0,0,161,369,413,932.8455612
0,14,13,13,15,16,16,67,66,63,61,58,58,15,17,20,22,23,22,1,1,1,1,0,0,161,369,414,78.73133982
0,15,14,15,16,17,18,63,62,60,58,57,57,16,17,21,23,22,22,1,1,1,1,0,0,161,369,414,111.7017396
0,16,15,16,17,17,18,55,54,53,52,51,52,19,21,22,24,24,24,2,2,1,1,0,0,161,367,409,826.7377666
0,17,16,17,18,18,18,57,56,53,50,50,50,23,23,27,31,31,31,2,2,1,1,0,0,162,368,410,104.836074
1,17,17,17,18,19,19,52,52,50,48,46,46,23,24,27,28,29,28,2,2,1,1,0,0,162,368,410,100.2096839
1,15,15,15,16,17,18,54,54,51,48,49,48,23,24,27,30,30,29,2,2,1,1,0,0,162,368,410,59.16906314
0,15,15,15,16,17,18,54,54,51,48,49,48,23,24,27,30,30,29,2,2,1,1,0,0,162,368,410,2.585323072
0,17,16,16,17,18,19,53,52,49,46,47,47,23,23,28,31,29,29,2,2,1,1,0,0,162,368,409,138.364188
0,16,15,16,16,17,18,53,52,50,48,48,48,25,27,30,31,30,29,2,2,1,1,0,0,162,368,409,23.9614572
0,16,16,16,17,17,18,53,53,51,48,48,48,23,24,26,28,29,27,2,2,1,1,1,0,162,368,410,121.1993475
1,14,14,14,15,16,16,63,64,61,58,57,58,19,21,24,26,26,25,2,1,1,1,0,0,162,368,410,434.3004063
0,14,14,14,15,16,16,61,62,60,56,55,56,20,20,23,26,26,25,2,2,1,1,0,0,162,368,410,441.5863599
0,15,15,16,16,17,17,62,61,58,57,55,55,21,22,26,26,27,26,2,1,1,0,0,0,162,368,409,525.7657783
0,17,17,17,18,19,18,63,62,60,57,57,58,22,23,25,27,27,25,1,1,1,0,0,0,162,368,409,749.6856015
0,14,14,15,16,17,17,65,63,62,60,58,59,18,19,21,23,24,22,1,1,1,0,0,0,162,368,410,117.544626
0,15,15,15,16,16,17,65,65,62,60,59,60,16,18,21,22,23,22,1,1,1,1,0,0,162,368,410,205.5018861
0,14,14,15,16,17,16,65,66,63,59,59,58,18,19,22,25,24,24,2,2,1,1,0,0,162,368,410,416.5486257
0,17,17,18,19,20,19,60,59,56,52,51,52,20,22,25,28,28,27,1,1,1,0,0,0,162,368,410,438.3427383
0,14,14,15,16,16,16,67,67,63,61,59,59,16,17,20,22,23,22,1,1,1,0,0,0,162,368,412,83.70130898
0,13,14,14,15,16,16,71,70,68,65,62,63,14,15,18,21,23,22,1,1,1,1,0,0,162,368,412,793.9732253
0,13,13,13,14,16,16,73,73,71,66,65,64,14,15,18,23,23,23,1,1,1,1,0,0,162,368,412,632.3939293
0,14,14,14,15,16,16,69,69,67,65,61,62,15,16,19,21,24,23,1,1,1,1,0,0,162,368,412,478.3309689
1,14,14,14,16,17,16,70,70,68,65,62,63,15,15,19,22,24,23,2,1,1,1,0,0,162,368,412,811.4585534
0,14,14,14,15,16,16,69,69,67,65,61,62,15,16,19,21,24,23,1,1,1,1,0,0,162,368,412,405.9646563
0,13,13,14,15,16,16,71,70,68,65,62,64,15,16,19,22,24,22,2,2,1,1,0,0,162,368,412,801.6455502
0,13,13,13,15,16,16,68,69,67,65,62,63,16,16,20,22,23,22,1,1,1,1,0,0,162,368,412,364.6952434
1,13,13,14,15,16,15,70,71,68,65,63,64,15,15,20,22,23,23,1,1,1,1,0,0,162,369,410,603.6767808
0,14,14,14,15,16,16,69,69,67,65,61,62,15,16,19,21,24,23,1,1,1,1,0,0,162,368,413,299.2696239
0,18,18,18,20,19,21,51,50,49,46,46,46,26,27,29,31,31,31,2,2,1,1,0,0,162,367,408,95.87121259
0,17,16,17,18,18,18,57,56,54,52,52,52,21,22,24,26,26,25,1,1,1,0,0,0,162,368,409,366.6492084
1,16,16,17,18,18,18,63,62,60,57,57,57,18,19,22,24,25,24,1,1,1,1,0,0,162,368,409,369.7135001
0,15,14,15,15,16,16,66,66,64,62,60,60,16,17,21,22,23,21,1,1,1,1,0,0,162,368,410,134.4334531
1,14,14,14,15,16,16,62,62,60,58,57,56,20,21,24,26,26,26,1,1,1,1,0,0,162,369,410,511.1499178
0,14,14,14,15,16,16,62,62,60,58,57,56,20,21,24,26,26,26,1,1,1,1,0,0,162,369,410,491.8790029
1,14,14,14,15,16,17,59,59,55,55,54,54,19,20,24,24,25,24,2,2,1,1,0,0,162,369,411,103.0008515
0,16,16,17,18,18,19,52,52,49,46,46,46,22,23,28,31,31,30,2,2,1,1,0,0,162,367,408,716.5029387
0,16,16,16,17,18,18,59,58,56,55,53,54,18,19,21,24,24,24,1,1,1,1,0,0,162,368,409,19.79467753
0,17,17,17,18,19,20,57,56,53,53,53,52,20,21,24,24,24,25,2,2,1,1,0,0,162,369,411,489.4018551
0,16,16,16,17,18,18,56,55,52,50,48,50,23,24,28,31,32,30,2,1,1,1,0,0,162,366,408,231.2397078
0,15,16,16,17,16,17,58,59,56,54,54,54,20,21,23,26,26,25,1,1,1,1,0,0,162,366,408,2.252062098
0,15,16,16,17,16,17,58,59,56,54,54,54,20,21,23,26,26,25,1,1,1,1,0,0,162,366,408,98.89415993
0,18,17,18,19,19,19,58,57,55,53,52,53,18,19,22,24,24,24,2,1,1,1,0,0,162,368,408,4.635165533
0,16,16,16,17,17,18,60,60,57,53,53,52,17,18,22,26,25,26,1,1,1,1,0,0,162,368,409,23.58592549
0,16,16,16,17,18,19,57,57,55,53,52,53,21,22,24,25,25,24,1,1,1,1,0,0,162,369,410,166.8890242
0,15,15,15,17,17,17,61,61,58,56,56,56,20,21,24,26,26,24,1,1,1,1,0,0,162,369,410,184.5390938
0,16,16,17,17,18,19,55,55,54,52,51,52,23,23,25,27,27,26,2,1,1,1,0,0,163,368,409,404.3511392
0,15,15,15,16,17,16,60,59,58,56,56,55,22,23,25,26,26,25,1,1,1,1,0,0,163,368,410,447.876553
0,15,15,15,16,18,18,58,58,57,56,55,55,21,22,24,22,23,23,1,1,1,1,1,0,163,368,410,452.8137381
0,16,16,16,18,18,18,62,62,60,58,57,57,21,22,25,25,26,25,1,1,1,1,1,0,163,368,410,580.2055668
0,16,16,17,17,18,17,62,61,58,56,53,56,21,22,25,27,28,26,1,1,1,1,0,0,163,368,410,688.2957072
0,16,16,17,17,18,17,62,61,58,56,53,56,21,22,25,27,28,26,1,1,1,1,0,0,163,368,410,663.2972779
0,16,16,16,18,18,20,58,58,56,55,55,55,18,20,22,24,23,22,2,2,1,1,0,0,162,369,411,1.190458154
0,14,14,14,15,17,17,66,66,63,62,60,60,17,18,22,22,23,22,1,1,1,1,0,0,163,368,411,86.98673132
0,16,16,16,17,18,17,65,65,62,60,58,58,19,20,23,25,25,25,1,1,1,1,0,0,163,368,411,76.83702397
0,16,15,16,17,17,18,58,58,55,53,53,53,20,20,25,27,26,26,1,1,1,0,0,0,162,369,411,37.47918047
1,17,16,16,18,18,20,59,59,56,54,54,55,20,21,25,26,26,25,1,1,1,1,0,0,162,369,411,107.6512101
0,15,15,15,17,18,18,59,59,57,55,55,54,20,21,24,24,25,23,1,1,1,1,0,0,163,368,411,146.759432
0,17,16,16,18,18,19,57,58,55,54,54,54,20,21,24,24,25,23,1,1,1,1,0,0,162,369,411,273.7576524
0,17,18,18,19,19,20,55,54,53,52,51,52,23,23,26,28,28,26,1,1,1,1,0,0,163,366,405,135.6220657
0,19,19,20,21,20,21,54,54,51,48,48,48,22,23,26,30,30,29,2,2,1,0,0,0,163,367,407,45.84961917
0,18,17,18,19,19,19,56,56,53,51,51,51,21,21,24,27,27,26,2,2,1,1,0,0,162,367,411,340.8227093
0,15,15,15,17,16,17,58,58,56,53,53,54,20,21,24,27,27,24,2,1,1,1,0,0,162,367,411,54.7414231
0,17,17,17,18,18,17,61,61,59,55,54,56,21,22,24,27,27,26,1,1,1,1,0,0,163,368,410,460.9502897
0,16,16,17,17,19,17,60,60,58,56,54,55,21,22,24,27,27,26,1,1,1,1,0,0,163,368,410,705.4699396
0,19,19,19,20,20,20,56,56,54,51,50,51,20,20,23,25,25,25,2,1,1,1,0,0,163,368,410,411.6962327
0,19,19,19,20,20,20,56,56,54,51,50,51,20,20,23,25,25,25,2,1,1,1,0,0,163,368,410,323.6945358
0,15,15,16,16,17,17,66,65,62,60,58,59,17,18,21,23,23,22,1,1,1,1,0,0,163,368,411,400.4821743
0,17,17,18,18,18,19,61,60,58,55,53,55,22,23,27,29,29,28,1,1,1,1,0,0,163,368,411,625.12692
0,16,17,17,17,18,18,63,62,59,55,54,55,16,17,22,24,24,23,2,1,1,1,0,0,163,368,411,174.9344424
0,16,16,16,17,19,19,64,64,62,57,55,57,18,19,21,25,26,25,2,1,1,1,1,0,163,368,411,110.8353823
0,16,16,16,17,17,18,60,59,57,54,54,53,19,19,22,25,25,24,1,1,1,1,0,0,163,366,406,14.26601995
0,16,16,17,18,18,19,60,59,57,55,53,53,20,21,23,25,25,25,2,1,1,1,0,0,163,367,411,370.4294081
0,20,21,21,23,22,21,46,45,42,41,42,45,26,28,29,29,28,27,2,2,1,0,0,0,141,385,426,656.3318238
0,16,16,16,17,17,16,62,62,60,58,57,60,20,21,23,24,25,22,1,1,1,0,0,0,141,385,427,523.8295656
0,20,20,20,21,21,20,56,55,54,52,51,55,24,25,26,28,29,26,2,1,1,1,0,0,141,385,427,2.669871345
0,22,22,23,23,22,20,54,53,52,48,48,51,24,26,28,32,31,28,2,2,1,1,0,0,141,385,428,99.54386501
0,23,23,23,24,24,22,51,51,49,47,48,51,27,28,30,30,30,27,2,2,1,1,1,0,141,384,428,391.9291383
0,20,21,21,21,21,20,59,58,56,54,54,56,23,23,26,27,27,25,2,1,1,1,0,0,141,384,428,208.5016656
1,16,16,17,18,18,17,59,57,56,54,53,57,20,22,24,26,27,22,2,1,1,1,0,0,141,384,428,97.8504821
1,16,16,17,18,18,17,59,57,56,54,53,57,20,22,24,26,27,22,2,1,1,1,0,0,141,384,428,115.1973626
0,19,19,19,20,20,20,56,55,54,51,52,53,21,22,25,29,28,27,1,1,1,0,0,0,141,384,430,6.99668733
0,22,22,22,23,23,22,50,50,49,49,49,52,28,29,30,30,29,26,2,2,1,0,0,0,141,385,433,73.80974967
0,22,22,22,23,23,22,54,54,52,50,50,53,25,26,29,31,30,28,2,2,1,1,0,0,141,385,427,224.7320228
0,22,22,22,23,22,20,50,48,46,43,44,49,25,28,30,33,31,28,2,2,1,0,0,0,141,385,427,453.4293784
0,24,24,25,25,24,23,50,49,46,44,45,49,25,27,30,31,30,28,2,1,1,0,0,0,141,385,428,67.32443449
0,24,23,23,24,24,23,47,46,44,43,43,48,25,28,32,32,31,28,2,2,1,1,0,0,141,385,428,225.0204437
0,23,23,24,24,24,22,56,55,54,52,52,56,24,27,28,28,28,25,2,1,1,1,0,0,141,384,428,454.3486448
0,23,23,23,24,24,23,52,51,50,48,49,51,25,27,30,30,29,27,2,2,1,1,0,0,141,385,428,343.9375486
0,21,21,22,22,22,22,50,50,48,48,49,49,28,29,32,31,32,31,2,2,1,1,0,0,141,385,433,404.087031
0,18,18,19,20,19,20,54,54,51,48,49,51,24,25,29,31,30,28,1,1,1,1,0,0,141,385,426,699.9181788
1,20,20,20,20,21,20,56,56,54,52,53,55,23,24,28,30,28,26,1,1,1,1,0,0,141,385,427,67.09794219
0,22,23,24,24,24,23,48,46,45,43,44,47,28,30,33,33,32,31,2,2,1,1,0,0,141,385,428,40.06595317
0,22,23,24,24,24,23,47,45,44,43,44,47,28,31,33,33,33,30,2,2,1,1,0,0,141,386,428,608.5132866
0,20,20,21,22,21,20,52,52,49,46,47,51,24,25,29,30,29,27,2,1,1,1,0,0,141,386,428,749.6726886
0,16,16,17,18,18,18,59,59,57,56,57,57,19,20,23,23,23,23,2,1,1,1,0,0,141,384,429,41.72801003
0,19,19,19,20,20,20,53,53,51,48,49,50,24,25,26,30,29,29,2,2,1,1,0,0,141,385,431,20.79763458
0,20,20,21,21,21,20,57,56,54,52,53,56,24,25,27,27,27,25,2,1,1,1,0,0,141,385,428,1594.761729
0,21,21,21,22,22,21,51,49,48,46,46,51,27,29,32,33,32,29,2,1,1,1,0,0,141,385,428,1557.92377
0,22,22,23,23,23,21,56,54,51,50,52,55,23,25,30,30,28,25,2,1,1,1,0,0,141,385,428,1639.50908
0,21,21,22,22,22,20,51,50,48,45,47,51,26,27,31,31,30,27,2,2,1,1,0,0,141,386,428,1371.381278
0,13,13,13,14,15,15,68,68,65,63,62,62,16,16,20,22,21,21,1,1,1,1,0,0,141,385,428,1287.844213
1,14,14,15,15,16,16,64,64,62,59,59,60,17,19,21,23,23,23,1,1,1,1,1,0,141,385,427,1272.910458
0,20,20,21,22,21,21,48,49,47,45,46,49,28,29,32,34,33,30,1,1,1,0,0,0,141,386,427,595.1588682
0,22,22,22,22,22,21,53,52,50,49,51,53,27,28,30,30,28,27,2,1,1,1,0,0,141,386,428,1003.79498
0,18,18,19,19,19,18,61,60,59,55,55,57,21,23,25,28,27,24,1,1,1,1,0,0,141,386,428,285.6437238
0,16,16,17,18,18,18,54,53,52,50,49,52,25,26,28,30,30,27,1,1,1,1,0,0,141,385,433,235.1188321
0,19,18,19,20,20,20,58,58,55,53,53,57,20,21,24,27,26,23,1,1,1,1,0,0,141,385,433,394.3690019
0,22,22,23,24,24,23,46,46,44,42,44,46,29,31,33,35,33,31,1,1,1,0,0,0,141,385,426,222.1186034
1,21,21,22,23,23,22,48,46,45,42,43,46,27,28,32,35,34,32,2,2,1,0,0,0,141,385,426,3.944898985
0,22,21,22,22,22,21,53,52,49,48,46,52,26,27,32,32,34,30,2,1,1,1,0,0,141,386,428,54.19383129
0,21,21,21,22,21,21,56,56,53,52,52,56,24,25,29,28,28,24,2,2,1,1,0,0,141,386,428,157.5292131
1,16,16,16,17,17,17,58,58,56,55,55,57,22,23,26,26,25,24,2,1,1,1,0,0,141,386,428,208.7436942
0,17,18,19,19,19,19,58,58,55,52,53,57,23,23,27,30,29,24,1,1,1,1,0,0,141,386,430,7.900000738
0,21,21,21,21,21,20,52,51,48,45,46,47,24,25,29,31,30,29,2,2,1,0,0,0,142,385,431,76.59632902
0,21,21,21,22,21,20,55,54,52,51,51,56,24,26,28,29,28,26,2,2,1,1,0,0,141,385,431,394.2988895
0,19,19,19,20,21,20,53,53,51,51,51,53,24,24,27,26,26,24,1,1,1,1,0,0,141,385,433,238.8552651
0,23,23,23,24,23,22,52,51,49,48,49,53,27,28,31,31,30,28,2,2,1,0,0,0,141,386,428,17.68258221
0,23,23,23,23,22,21,48,49,47,46,47,51,28,28,29,28,27,25,2,2,1,0,0,0,141,386,428,10.65607539
1,23,23,23,23,22,21,52,53,51,50,51,58,24,26,29,29,28,24,2,2,1,0,0,0,141,386,431,20.41786828
0,23,23,23,24,23,22,48,48,46,45,46,51,27,28,30,30,29,25,2,2,1,0,0,0,141,386,431,763.0996301
0,21,21,22,22,21,20,56,55,54,51,54,58,25,27,29,30,27,25,2,2,1,0,0,0,141,386,431,724.5461292
0,23,23,23,24,23,22,48,48,46,45,46,51,27,28,30,30,29,25,2,2,1,0,0,0,141,386,431,814.7459723
0,21,21,21,22,21,19,56,55,53,51,53,59,25,27,29,30,28,25,2,2,1,0,0,0,141,386,431,886.7897764
1,22,22,22,22,21,20,55,54,53,53,53,57,25,27,28,28,28,24,1,1,1,1,0,0,141,385,431,100.9200039
0,22,22,22,22,22,21,54,53,53,53,52,56,25,26,27,27,27,24,1,1,1,1,0,0,141,385,431,208.1209433
0,19,19,19,20,20,19,57,57,56,52,53,54,23,24,26,29,28,27,2,1,1,1,0,0,141,385,431,837.3065037
0,18,18,18,19,18,18,59,59,58,56,56,60,22,23,25,26,26,22,2,1,1,1,0,0,141,386,431,964.1355965
0,18,18,18,19,18,18,59,59,58,56,56,60,22,23,25,26,26,22,2,1,1,1,0,0,141,385,431,942.1951606
0,20,19,20,21,20,20,54,53,53,51,52,55,24,25,26,28,27,25,2,2,1,1,0,0,141,385,431,943.2978335
0,17,16,17,17,18,18,56,56,55,53,52,54,23,23,26,27,28,26,2,1,1,1,0,0,141,385,426,28.44560386
0,19,18,19,20,20,19,54,53,52,48,48,51,23,24,27,30,31,29,2,2,1,0,0,0,141,385,426,662.3049171
0,21,20,21,22,21,19,54,53,51,51,52,55,25,27,29,28,27,25,2,2,1,0,0,0,141,386,430,31.65865078
0,19,19,20,20,19,18,57,57,54,51,53,56,23,24,28,29,27,24,2,2,1,1,0,0,141,386,430,96.83196508
1,18,18,19,19,18,17,59,59,56,55,57,60,22,23,26,26,25,23,2,1,1,1,0,0,141,386,430,388.8399295
0,13,13,13,15,15,15,67,67,64,62,61,61,17,18,22,23,23,23,1,1,1,1,0,0,141,386,431,759.3305671
0,15,15,16,17,17,16,66,66,61,59,60,62,19,20,26,27,25,23,1,1,1,1,0,0,141,386,431,5.015962398
1,13,13,14,15,15,14,67,66,65,62,60,62,16,18,20,23,23,21,1,1,1,1,0,0,141,385,431,750.4999019
0,18,18,19,20,19,17,62,61,58,56,58,61,21,23,27,28,26,23,2,1,1,0,0,0,141,386,431,923.8891606
0,17,17,18,19,19,17,58,58,56,56,57,59,22,23,25,24,24,21,2,1,1,1,0,0,141,385,431,1167.893703
0,17,17,18,19,19,17,59,58,55,54,55,58,21,23,27,28,27,24,2,1,1,0,0,0,141,387,431,1277.783132
0,20,20,20,21,21,19,55,55,53,52,54,58,24,25,27,28,25,22,2,2,1,1,0,0,141,387,431,1310.123697
0,20,20,19,20,20,18,58,57,56,54,55,60,22,24,26,26,24,22,2,2,1,0,0,0,141,387,431,1195.350701
0,17,17,17,18,18,17,61,60,58,57,57,61,21,22,26,25,24,22,2,1,1,0,0,0,141,387,431,1255.67316
0,17,17,18,19,19,19,60,59,56,55,55,59,22,24,27,28,27,25,2,1,1,0,0,0,141,386,431,1230.130244
0,20,20,21,22,21,19,59,57,54,52,54,60,21,23,27,28,26,22,2,2,1,0,0,0,141,387,431,868.1649166
0,22,21,22,23,22,19,53,52,52,50,52,58,25,28,29,30,28,25,2,2,1,0,0,0,141,387,431,763.2151744
0,19,19,20,20,20,18,55,55,55,53,55,59,25,26,27,28,25,22,2,2,1,1,0,0,141,387,431,1116.823115
0,22,22,22,22,22,19,55,55,53,51,53,58,25,26,28,31,27,25,2,2,1,0,0,0,141,387,431,879.7853005
0,22,22,23,23,22,21,55,54,53,51,53,59,24,26,28,29,26,22,2,2,1,0,0,0,141,387,431,640.2486684
0,20,20,20,21,21,18,54,53,52,50,52,57,24,26,28,29,27,23,2,2,1,0,0,0,141,387,432,254.3340312
0,22,22,22,22,21,21,52,52,51,50,52,56,25,26,29,30,27,25,2,2,1,0,0,0,141,387,432,389.9271949
0,17,17,18,19,19,18,57,57,56,54,54,57,22,23,25,26,24,23,1,1,1,0,0,0,141,386,427,1364.963153
0,16,17,18,18,19,18,60,59,58,57,57,57,22,23,24,25,24,23,1,1,1,0,0,0,141,386,427,1588.059196
0,19,19,20,20,20,20,49,49,46,44,44,49,27,29,32,34,32,29,2,2,1,0,0,0,141,385,429,801.981364
0,21,21,22,22,22,20,55,55,52,51,52,54,24,26,29,29,28,26,2,2,1,0,0,0,141,386,430,99.51837006
0,18,18,18,19,19,18,63,61,58,57,57,60,19,21,25,26,25,24,1,1,1,1,0,0,141,386,430,372.962648
0,15,15,16,17,17,16,67,67,64,60,60,61,18,19,22,25,24,23,1,1,1,1,0,0,141,385,431,350.2388048
0,22,22,22,22,21,19,53,54,52,50,51,56,23,24,26,28,27,24,2,2,1,0,0,0,141,387,431,516.7232325
0,21,21,21,22,22,20,53,52,51,49,51,57,24,26,29,29,27,23,2,2,1,0,0,0,141,387,431,433.0620935
0,22,23,23,23,23,22,47,45,45,44,46,50,29,30,32,33,31,27,1,1,1,0,0,0,141,387,431,32.57548411
0,15,15,16,17,17,17,62,61,61,60,60,62,20,21,22,22,22,20,1,1,1,0,0,0,141,386,426,2629.898985
0,17,17,17,18,18,18,63,63,60,60,59,60,21,21,25,24,24,23,2,1,1,1,0,0,141,386,428,1318.914475
0,16,16,16,17,18,18,64,65,63,62,61,64,19,20,22,23,24,22,2,1,1,0,0,0,141,385,430,805.8979332
0,17,17,18,19,19,18,59,58,57,56,56,59,21,22,25,24,24,23,2,1,1,0,0,0,141,385,430,388.6001296
0,17,17,18,19,19,18,59,58,57,56,56,59,21,22,25,24,24,23,2,1,1,0,0,0,141,385,430,306.5520419
0,17,17,18,19,19,18,59,58,57,56,56,59,21,22,25,24,24,23,2,1,1,0,0,0,141,385,430,298.2891542
0,15,15,16,17,17,17,65,65,65,62,62,63,21,21,22,23,22,22,2,1,1,1,0,0,141,385,430,522.8829709
0,17,17,17,18,17,17,66,66,63,61,61,63,17,19,22,23,23,20,2,1,1,1,0,0,141,385,430,252.9586428
0,14,14,15,16,16,15,69,68,65,65,64,66,16,18,22,22,21,19,2,1,1,0,0,0,141,385,431,594.4432671
0,14,14,14,16,15,15,69,68,65,64,64,65,19,21,23,24,24,22,2,1,1,1,0,0,141,385,431,494.1796063
0,11,11,11,12,13,12,71,71,68,64,64,65,16,15,19,21,21,20,1,1,1,1,0,0,141,385,431,693.6043519
0,18,18,18,19,19,18,57,57,56,54,55,59,23,24,25,26,24,21,1,1,1,0,0,0,141,386,431,464.6245288
0,15,15,15,17,17,16,55,54,51,48,49,53,21,24,28,27,26,24,2,1,1,0,0,0,144,390,371,1017.157501
0,15,16,16,16,17,15,59,57,53,53,53,57,20,23,26,26,26,24,2,1,1,0,0,0,144,388,373,312.4640486
0,16,16,17,17,18,17,58,56,54,53,53,56,19,21,23,25,24,22,1,1,1,0,0,0,144,388,373,134.6415011
0,17,17,17,18,18,17,54,52,50,48,51,53,23,25,27,27,26,24,2,1,1,0,0,0,143,388,375,477.5393654
0,16,16,17,18,18,17,60,60,57,54,55,59,22,23,26,30,28,24,1,1,1,0,0,0,143,388,375,212.1136958
0,18,18,19,19,19,18,54,53,51,48,49,52,23,26,29,32,30,28,2,1,1,0,0,0,143,387,376,17.3481004
0,17,18,18,20,19,18,58,56,54,52,53,54,23,26,28,29,28,26,1,1,1,0,0,0,143,387,379,60.98851096
0,16,16,17,18,17,17,60,58,56,54,54,56,21,23,25,28,27,25,1,1,1,0,0,0,143,386,378,125.5759077
0,16,16,18,18,18,18,61,59,59,57,56,56,18,19,21,23,21,20,2,2,1,1,0,0,142,385,381,515.5896852
0,16,17,17,18,18,17,52,51,49,48,48,52,24,26,28,27,27,24,2,1,1,0,0,0,144,390,371,324.1618463
0,16,16,16,17,18,17,62,61,60,57,57,60,19,21,22,24,23,22,1,1,1,0,0,0,144,390,373,275.0917331
1,19,19,19,20,20,19,57,56,55,53,54,56,21,23,25,27,26,24,1,1,1,1,0,0,143,388,374,51.79572023
0,14,14,14,15,15,15,62,62,60,58,57,60,19,20,22,24,24,21,1,1,1,0,0,0,143,388,375,423.0536114
0,14,15,15,16,16,16,64,63,61,57,58,60,18,20,22,26,25,22,1,1,1,0,0,0,143,388,376,277.3293671
0,17,17,18,18,18,17,60,59,56,53,55,57,21,23,26,28,26,25,1,1,1,0,0,0,143,386,378,304.8668749
0,18,18,19,20,19,18,57,55,54,52,52,54,23,24,27,29,29,26,1,1,1,0,0,0,143,386,378,36.53792493
0,18,19,19,19,19,18,58,56,54,52,52,53,22,24,27,28,28,26,2,1,1,1,0,0,143,387,379,199.8342329
0,15,15,16,17,16,16,61,59,58,55,54,57,21,22,24,28,28,25,1,1,1,0,0,0,143,387,379,1028.505919
1,17,18,19,19,19,17,53,51,51,48,49,53,25,27,29,28,27,25,2,2,1,0,0,0,144,390,371,90.82217305
0,18,19,19,20,20,18,54,53,52,49,50,53,23,25,27,27,27,26,2,1,1,0,0,0,144,390,371,355.2179086
0,17,17,18,18,18,18,57,57,54,51,52,55,19,22,23,26,25,23,1,1,1,0,0,0,144,390,373,116.8828833
0,17,18,18,19,19,18,56,54,52,51,51,54,23,25,29,28,28,25,1,1,1,1,0,0,144,390,373,39.30285384
0,16,16,16,17,17,17,60,58,55,54,54,56,21,23,26,27,27,26,1,1,1,1,0,0,144,390,374,210.7073417
0,15,16,16,16,17,16,61,60,59,55,56,57,20,22,24,26,26,25,1,1,1,0,0,0,144,390,373,46.52464677
0,14,15,15,16,17,16,62,62,60,57,56,59,20,21,23,26,26,23,1,1,1,0,0,0,143,388,376,27.66688807
0,18,18,18,19,19,18,62,60,58,56,56,59,21,23,25,28,27,23,1,1,1,0,0,0,143,388,376,335.1805858
0,16,16,16,17,17,16,59,58,56,53,55,56,22,24,26,28,26,25,1,1,1,0,0,0,143,386,376,430.0086368
0,16,17,17,18,18,17,59,57,55,52,52,54,21,24,26,29,29,27,1,1,1,0,0,0,143,386,376,275.3906058
0,16,17,17,18,18,17,61,60,58,55,54,58,21,22,25,28,27,25,1,1,1,1,0,0,143,387,379,38.43698671
0,18,18,18,19,19,18,61,60,57,55,54,56,20,22,25,27,27,25,1,1,1,0,0,0,143,387,379,277.5958522
0,14,14,14,15,16,15,64,62,61,59,59,60,18,20,22,23,23,22,1,1,1,0,0,0,142,385,381,437.5402434
0,18,18,18,19,18,17,52,50,49,48,49,52,24,26,28,27,27,25,2,2,1,0,0,0,144,390,369,7.733363665
0,16,16,16,17,17,16,60,59,58,55,56,57,20,22,22,24,23,22,1,1,1,0,0,0,144,390,372,410.7790967
0,16,16,16,17,17,17,58,57,55,52,52,56,20,22,25,25,26,23,1,1,1,0,0,0,144,390,371,341.9429707
0,16,16,16,17,17,16,61,60,57,56,55,60,18,21,23,25,24,21,1,1,1,0,0,0,144,390,372,287.3660846
0,16,16,16,17,17,17,61,60,58,57,56,59,20,21,24,25,26,23,1,1,1,0,0,0,144,390,373,82.10685058
0,16,16,16,17,17,17,62,60,57,55,56,59,17,20,24,26,25,23,1,1,1,0,0,0,144,389,374,996.3255242
0,16,16,16,17,18,17,59,57,55,53,54,56,20,21,26,28,27,24,1,1,1,0,0,0,143,389,374,692.8366206
0,16,16,17,17,18,17,62,60,57,55,56,59,18,20,24,26,25,23,1,1,1,0,0,0,143,389,374,968.4746191
0,16,16,17,18,18,17,61,60,58,54,55,57,19,21,24,28,26,24,1,1,1,0,0,0,143,389,376,214.7244047
0,17,17,17,18,18,18,58,57,53,50,50,54,20,21,26,29,29,26,1,1,1,0,0,0,143,389,376,123.6174184
0,17,17,18,18,18,17,58,56,53,51,52,54,22,24,27,29,28,26,1,1,1,1,0,0,143,387,376,546.5385877
0,15,16,16,17,17,16,60,59,58,54,54,58,21,23,24,27,27,24,1,1,1,1,0,0,143,386,378,730.4532304
0,15,15,16,17,17,16,60,59,57,53,53,55,20,21,24,28,27,25,1,1,1,1,0,0,143,386,378,699.2369235
0,15,15,15,16,17,17,61,60,61,58,57,59,17,18,17,22,22,21,2,2,1,1,0,0,143,387,380,1494.779278
0,14,15,15,16,16,16,59,59,59,56,57,59,19,19,19,22,22,21,2,2,1,1,0,0,143,387,380,1427.294575
1,17,17,17,18,18,17,59,57,56,55,55,58,20,21,23,22,24,21,2,1,1,0,0,0,144,390,369,227.1773882
0,15,15,15,16,17,16,61,61,59,57,57,60,18,19,21,23,22,20,1,1,1,0,0,0,144,390,372,328.7310511
0,15,15,16,16,17,17,63,62,61,59,59,62,18,19,22,23,23,20,1,1,1,0,0,0,144,390,373,146.4989758
0,14,14,14,15,16,16,65,64,62,58,59,60,18,21,23,26,26,23,1,1,1,0,0,0,144,390,373,198.6625133
0,13,13,14,15,16,15,63,63,61,59,58,61,19,21,24,26,26,22,1,1,1,0,0,0,144,389,374,372.7793217
0,15,16,16,17,16,16,58,57,55,52,52,55,22,23,26,29,28,26,1,1,1,1,0,0,144,389,374,227.2370021
0,15,15,16,17,17,16,59,58,55,52,52,55,21,23,27,29,29,26,1,1,1,1,0,0,144,389,374,231.9956724
0,16,16,17,17,17,17,58,58,54,51,50,54,21,22,27,29,29,26,1,1,1,1,0,0,143,388,376,443.7191069
1,16,16,16,17,17,17,56,54,53,51,50,52,21,23,25,27,28,25,2,1,1,1,0,0,143,388,379,1656.912144
0,15,15,16,17,18,18,59,58,57,54,54,56,19,20,22,24,25,22,2,1,1,1,0,0,143,388,379,1686.480129
1,15,16,16,17,18,17,58,57,55,53,51,54,19,19,23,25,27,23,1,1,1,1,0,0,143,386,378,1672.51788
0,15,15,16,16,18,17,56,55,56,54,55,55,20,21,20,22,21,22,2,2,1,1,1,0,143,386,380,706.8454335
0,18,18,18,19,19,18,54,52,51,50,51,55,22,23,26,26,24,22,2,1,1,0,0,0,144,391,368,13.81694852
1,18,18,18,19,19,17,53,52,52,49,51,54,21,22,23,23,23,21,2,2,1,0,0,0,144,390,369,344.2866323
1,18,18,18,18,19,18,57,55,54,53,54,57,19,22,22,22,21,20,1,1,1,0,0,0,144,390,373,873.0130492
0,18,18,19,20,20,19,57,55,52,51,50,52,23,25,28,29,29,27,1,1,1,1,0,0,144,390,374,335.4667323
0,17,17,18,19,19,18,57,56,53,51,51,51,21,24,27,29,28,27,1,1,1,1,0,0,144,388,374,10.64200865
0,19,19,19,20,20,18,56,55,52,48,49,53,21,24,28,32,30,27,1,1,1,0,0,0,143,389,374,1082.856921
0,18,18,18,19,18,17,55,54,52,49,49,52,23,25,29,30,30,27,1,1,1,1,0,0,143,389,376,1168.892134
0,19,18,19,19,19,18,58,56,55,52,52,55,21,22,25,28,28,23,1,1,1,1,0,0,143,388,377,1390.402681
0,15,15,16,16,16,16,59,57,57,52,51,54,20,22,24,29,28,24,1,1,1,1,0,0,143,388,377,2078.009969
0,16,16,17,17,18,18,56,54,54,52,52,52,19,21,22,25,24,23,2,1,1,1,0,0,143,387,378,1981.860527
1,14,14,15,16,18,18,58,56,55,54,54,55,18,20,22,24,22,21,2,2,1,1,0,0,143,388,379,2006.813502
0,17,17,17,18,19,17,55,54,51,50,50,55,22,24,27,26,25,21,2,1,1,0,0,0,145,392,368,597.9491954
0,19,19,20,21,21,19,49,48,48,46,47,53,24,25,26,26,25,22,2,2,1,0,0,0,144,390,369,141.0103301
0,19,20,20,21,20,19,51,49,48,46,47,52,23,25,26,26,26,23,2,1,1,0,0,0,144,390,371,1.589199391
0,15,15,15,16,16,16,55,54,52,49,51,53,23,25,27,28,28,26,1,1,1,0,0,0,144,390,374,544.8978275
1,18,18,18,19,19,18,56,55,54,51,52,53,23,25,27,28,27,26,2,1,1,0,0,0,144,388,374,115.3154951
0,18,18,19,20,19,18,55,53,51,49,51,53,23,24,28,28,26,25,2,1,1,0,0,0,144,389,374,506.5835067
0,18,18,18,19,19,18,59,59,57,55,55,58,22,23,26,28,26,25,1,1,1,0,0,0,143,388,377,1695.574391
0,18,18,19,19,19,18,57,56,55,53,53,55,23,24,27,28,27,26,2,1,1,0,0,0,143,388,377,1359.123127
0,15,16,16,16,18,18,55,54,54,52,53,54,20,21,22,25,24,23,2,2,1,1,1,0,143,387,380,1726.579953
0,16,16,16,16,18,18,57,56,57,54,55,56,20,21,20,23,22,22,2,2,1,1,0,0,143,387,380,1226.643327
0,16,16,17,17,19,19,54,53,52,50,50,50,20,21,23,26,26,25,2,2,1,1,0,0,143,387,380,1100.499228
0,15,15,16,16,19,19,62,60,60,59,58,59,18,19,19,20,20,19,2,2,1,1,0,0,142,386,380,763.714537
0,17,18,18,18,18,17,49,48,46,43,45,49,23,25,28,29,27,25,2,2,1,0,0,0,144,390,370,122.9448806
0,19,18,19,20,20,18,51,49,48,46,47,50,23,26,27,26,24,24,2,2,1,0,0,0,144,390,373,307.5814549
0,18,18,18,19,19,18,54,53,49,47,49,51,23,25,30,31,29,28,2,2,1,0,0,0,144,388,374,246.0501665
1,18,18,19,19,19,18,55,53,52,50,52,53,23,26,28,29,27,26,2,1,1,0,0,0,143,388,374,369.7829802
0,14,14,15,16,16,16,65,63,61,58,57,59,15,17,21,24,25,22,1,1,1,0,0,0,144,389,375,552.7046241
0,16,16,16,17,19,19,57,54,54,51,52,52,19,21,21,25,24,23,2,2,1,1,1,0,143,389,379,727.5480036
0,16,16,17,17,19,19,56,55,54,51,51,51,20,21,22,26,25,25,2,2,1,1,1,0,143,388,380,568.1192571
0,15,15,16,16,18,18,56,55,55,52,51,52,19,20,22,25,25,25,2,2,1,1,0,0,143,388,380,437.1796497
0,19,19,20,20,18,19,49,48,46,44,45,48,25,27,29,30,29,27,2,2,1,0,0,0,146,392,368,244.0864503
0,20,20,21,22,21,19,51,49,47,44,46,50,23,26,28,28,26,24,2,2,1,1,0,0,145,391,368,203.2815172
0,20,20,21,21,21,20,53,52,50,48,48,52,25,27,29,31,30,26,1,1,1,0,0,0,144,391,370,418.1044429
1,19,20,20,21,20,20,55,53,52,48,49,51,23,26,27,30,28,27,1,1,1,0,0,0,145,390,372,294.4139368
0,17,17,17,18,18,18,60,59,57,53,53,54,21,22,23,28,27,25,1,1,1,1,0,0,144,389,375,17.97796265
0,15,16,17,18,19,19,57,56,55,52,53,52,19,20,21,23,23,22,2,2,1,1,0,0,143,389,379,279.0142553
0,18,19,19,20,20,18,51,49,47,44,45,51,24,26,29,27,26,23,2,1,1,0,0,0,145,392,369,207.9942144
0,20,20,21,21,20,20,53,52,49,47,49,52,24,26,28,29,27,23,2,2,1,1,0,0,145,391,369,530.6930097
1,20,20,21,22,21,21,52,51,49,47,48,50,25,27,30,31,29,27,2,1,1,0,0,0,144,391,370,674.3528857
0,21,21,22,22,22,21,56,54,52,50,49,52,23,26,28,30,29,27,1,1,1,1,0,0,145,390,372,371.5320427
0,17,18,18,19,19,19,57,56,56,53,53,53,21,23,24,26,26,26,2,2,1,1,0,0,143,389,375,36.53992765
0,17,17,18,19,19,17,57,55,56,55,55,62,23,25,24,24,23,21,2,1,1,0,0,0,144,384,384,241.3265035
0,16,16,17,18,19,18,61,60,60,60,60,64,19,21,21,20,20,18,1,1,1,0,0,0,144,383,384,440.1901958
0,15,16,16,17,17,17,62,60,59,57,58,61,19,21,22,23,22,20,1,1,1,0,0,0,144,384,383,640.9979747
0,15,16,16,17,17,17,62,60,59,57,58,61,19,21,22,23,22,20,1,1,1,0,0,0,144,384,383,834.7860626
0,16,16,17,18,18,17,60,57,57,55,57,60,21,23,24,26,24,22,1,1,1,0,0,0,144,382,384,1127.197596
0,17,17,18,18,18,18,56,55,54,53,53,57,22,24,26,26,26,23,1,1,1,0,0,0,144,383,387,1262.2507
0,16,16,17,17,18,17,57,55,56,57,57,62,23,25,25,24,22,19,1,1,1,0,0,0,143,383,387,463.7273853
0,15,15,15,17,17,16,60,58,59,60,60,64,22,25,24,23,22,19,1,1,1,0,0,0,143,383,388,687.8817469
0,15,15,16,17,17,17,59,59,58,58,59,63,22,23,24,23,23,20,1,1,1,0,0,0,143,383,388,872.2199708
0,16,16,16,17,18,17,59,57,57,56,56,62,20,22,24,24,24,20,1,1,1,0,0,0,143,383,389,1058.437161
0,17,17,18,19,19,17,57,57,57,55,56,62,20,22,23,23,22,19,1,1,1,0,0,0,144,384,384,969.0923198
0,17,18,18,18,19,17,58,58,57,56,57,61,21,23,23,24,23,20,2,1,1,0,0,0,144,384,384,1497.706211
0,17,17,17,18,19,17,57,56,55,54,55,60,21,23,24,25,24,22,1,1,1,0,0,0,144,384,385,1851.887292
0,19,19,19,20,19,17,54,52,50,49,52,59,25,27,28,27,27,22,2,1,1,0,0,0,144,384,385,1987.230643
0,20,20,20,20,20,19,54,51,51,50,51,56,23,25,26,28,27,22,1,1,1,0,0,0,144,383,387,1454.344908
0,16,16,17,18,18,17,57,55,55,54,54,59,23,25,26,26,26,23,1,1,1,0,0,0,144,382,387,1374.899416
0,16,16,17,18,19,18,59,58,58,57,58,61,21,22,23,23,23,20,1,1,1,0,0,0,144,383,387,1583.552352
1,15,15,16,16,18,16,59,58,57,56,57,62,21,22,24,24,24,19,1,1,1,0,0,0,143,383,389,1719.464447
0,15,15,16,16,18,16,59,58,57,56,57,62,21,22,24,24,24,19,1,1,1,0,0,0,143,383,389,1894.450535
1,14,14,15,16,16,15,60,59,59,60,59,63,22,24,24,22,22,19,1,1,1,0,0,0,144,383,388,1956.073427
0,17,17,18,18,18,17,62,61,59,59,60,65,19,21,23,23,22,19,1,1,1,0,0,0,143,383,389,2029.603222
1,15,15,16,16,18,16,58,57,56,54,56,61,22,24,25,26,26,20,1,1,1,0,0,0,143,383,389,2281.339074
0,17,17,18,19,19,19,56,56,54,53,55,57,18,19,21,21,20,18,2,1,1,1,0,0,144,384,384,144.3402705
0,18,18,18,18,19,17,57,54,53,50,52,58,21,22,24,27,26,21,2,1,1,0,0,0,144,383,386,1772.244549
0,17,17,17,18,19,18,56,55,54,52,53,56,21,22,25,26,24,22,1,1,1,0,0,0,144,383,386,1478.370284
0,18,19,20,20,20,18,56,54,53,52,55,60,23,24,27,27,25,22,1,1,1,0,0,0,144,383,388,1600.266927
0,17,17,18,18,18,17,58,57,57,55,57,63,19,21,22,22,21,18,2,1,1,1,0,0,144,383,388,556.751556
0,16,16,17,17,18,16,57,56,56,55,55,59,21,22,24,24,24,20,1,1,1,1,0,0,144,383,387,1350.076417
1,16,16,17,18,18,17,58,57,56,55,55,58,19,21,22,23,23,20,2,1,1,0,0,0,144,382,389,2423.240528
0,17,17,18,19,19,17,57,56,55,54,55,59,20,22,24,24,24,21,2,1,1,0,0,0,144,382,389,2003.044814
0,18,18,19,20,19,18,57,56,55,54,54,62,22,23,26,26,26,21,1,1,1,0,0,0,144,383,389,1822.508553
0,17,17,18,18,18,17,59,57,55,53,53,60,20,22,26,26,25,20,1,1,1,0,0,0,144,382,389,1715.857367
0,18,18,19,20,20,20,54,53,51,50,52,53,19,19,22,24,23,24,2,1,1,1,0,0,144,384,384,104.3654566
1,20,20,21,21,21,20,54,54,51,49,51,55,22,24,27,29,27,25,2,2,1,0,0,0,144,384,384,550.9479881
0,16,16,16,17,17,17,59,58,57,55,55,58,21,21,24,25,24,22,1,1,1,0,0,0,144,384,385,1122.11582
0,15,16,16,17,18,16,62,61,60,59,59,62,18,19,21,22,21,19,1,1,1,1,0,0,144,384,385,766.266614
0,17,17,18,18,18,17,58,57,56,56,57,61,20,21,22,21,22,19,1,1,1,1,0,0,144,383,388,571.9770704
0,16,16,17,17,17,16,61,60,59,58,58,63,18,19,22,22,21,19,1,1,1,1,0,0,144,383,388,1358.504943
0,16,17,17,17,17,17,59,58,58,55,55,59,20,22,23,24,23,21,2,1,1,1,0,0,144,383,388,1064.661782
0,18,18,19,19,19,18,54,53,52,51,51,55,21,22,25,25,25,22,2,1,1,1,0,0,144,383,390,1000.581666
0,16,16,17,17,18,17,60,58,57,55,55,60,20,22,24,26,24,21,1,1,1,0,0,0,144,382,389,1737.507739
0,17,17,18,19,18,18,55,54,53,52,54,56,20,20,23,23,21,21,2,1,1,1,0,0,144,384,383,8.544913579
1,17,17,17,18,18,18,58,57,57,56,57,60,20,22,23,24,22,21,2,1,1,1,0,0,144,384,384,94.55028007
0,17,17,18,19,19,20,50,49,48,48,50,50,20,21,24,24,23,24,2,2,1,1,1,0,144,384,387,18.03801187
0,15,15,16,16,17,16,56,54,52,50,51,54,22,23,26,27,26,25,1,1,1,1,0,0,144,383,388,445.1641398
0,19,19,20,20,20,20,49,49,49,47,48,52,22,23,24,25,23,22,2,1,1,1,0,0,144,383,390,371.2656568
0,18,18,19,19,20,20,50,48,48,48,49,50,23,25,25,26,24,24,2,2,2,2,1,1,144,383,390,359.5398044
0,19,19,20,20,20,20,49,49,49,47,48,52,22,23,24,25,23,22,2,1,1,1,0,0,144,383,390,283.1766971
0,19,19,19,20,20,21,50,49,49,47,48,50,23,24,25,25,24,23,2,2,1,1,1,0,144,383,390,12.21902442
0,17,17,17,18,18,18,54,53,54,53,54,56,19,20,19,20,19,20,2,1,1,1,0,0,144,383,390,7.623479605
0,17,16,17,17,18,18,59,59,56,54,55,58,20,20,23,24,23,22,1,1,1,1,0,0,144,383,390,1155.286814
1,15,16,16,17,17,17,66,66,64,61,60,62,17,18,21,23,22,21,1,1,1,1,0,0,144,384,384,539.5542912
0,16,16,17,18,18,17,58,58,56,55,54,57,22,22,24,24,24,24,2,1,1,1,0,0,144,384,386,275.2817237
0,20,20,20,21,21,21,54,53,52,51,52,52,21,22,25,26,26,26,2,1,1,1,0,0,144,384,389,340.8460533
0,17,17,18,19,19,18,58,56,56,54,55,57,21,22,24,25,23,23,1,1,1,1,1,0,144,383,390,587.144868
1,17,17,18,18,19,20,54,53,53,51,53,55,21,23,23,24,23,23,2,1,1,1,1,0,144,383,390,22.24880694
1,17,17,18,18,19,20,54,53,53,51,53,55,21,23,23,24,23,23,2,1,1,1,1,0,144,383,390,35.61310913
0,20,20,20,22,22,23,49,48,48,47,47,48,25,26,27,27,25,26,2,2,1,1,1,0,144,384,387,285.9511781
0,19,19,19,19,20,19,56,55,52,50,50,50,19,20,24,26,25,25,1,1,1,1,1,0,144,384,389,118.7822662
0,19,19,19,20,20,19,52,50,47,46,47,48,23,25,29,30,29,28,2,1,1,1,0,0,144,384,389,33.84043293
0,19,19,19,20,20,20,54,52,50,47,50,49,19,19,23,26,25,26,1,1,1,1,1,0,144,384,388,5.308620683
0,19,19,19,20,20,20,52,51,49,48,48,51,22,23,27,27,27,26,2,1,1,1,0,0,144,384,389,109.4648486
1,18,18,19,20,20,20,49,48,48,47,48,49,23,24,24,26,23,23,2,2,1,1,0,0,144,384,389,32.59293279
0,18,18,19,20,20,20,49,48,48,47,48,49,23,24,24,26,23,23,2,2,1,1,0,0,144,384,389,35.12654146
0,17,18,18,19,19,20,50,49,47,46,47,51,23,24,28,28,27,26,2,1,1,0,0,0,144,384,389,285.7335738
0,18,18,18,20,19,20,53,51,49,46,47,50,19,20,24,27,26,26,1,1,1,0,0,0,144,384,391,7.955165047
0,17,17,17,18,18,19,47,46,46,45,45,47,23,25,25,26,24,25,1,1,1,1,1,0,144,383,391,14.80169474
0,17,17,17,18,18,19,47,46,46,45,45,47,23,25,25,26,24,25,1,1,1,1,1,0,144,383,391,5.920019297
0,16,17,17,18,19,19,56,55,54,52,53,55,21,21,23,25,23,21,2,1,1,1,1,0,144,384,386,608.49754
0,18,18,19,19,19,20,53,52,51,52,52,52,21,23,23,23,22,22,2,1,1,1,0,0,144,384,386,961.5738359
0,17,18,18,18,19,19,56,56,56,54,54,56,22,23,23,25,24,22,2,1,1,1,1,0,144,384,387,1351.123616
0,18,18,18,19,19,20,52,50,49,48,49,48,21,22,24,25,25,27,2,1,1,1,0,0,144,384,389,52.44582076
0,18,18,19,20,20,21,49,48,47,45,46,47,23,24,26,29,28,28,2,2,1,1,0,0,144,384,389,273.4715417
0,19,19,19,21,21,21,50,49,47,47,47,48,21,23,25,26,26,27,2,1,1,1,0,0,144,384,391,3.293521509
0,19,19,19,21,21,21,50,49,47,47,47,48,21,23,25,26,26,27,2,1,1,1,0,0,144,384,391,16.09964093
0,16,16,17,18,19,19,47,46,46,45,47,49,23,23,23,24,23,23,2,1,1,1,1,0,144,384,392,6.125048491
0,18,18,19,20,20,20,45,45,44,44,45,45,24,24,25,25,24,25,2,2,1,1,0,0,144,384,392,27.56913733
0,17,17,18,19,19,20,51,50,49,49,50,52,21,22,23,23,22,23,2,1,1,1,1,0,144,383,392,240.0856808
0,17,17,17,18,18,18,59,58,57,56,57,57,20,21,23,23,21,21,2,1,1,1,1,0,144,384,387,963.7311836
0,15,16,16,17,17,16,56,56,56,55,55,58,26,27,28,28,26,23,2,2,1,1,0,0,144,384,387,239.568075
1,17,17,18,18,18,18,53,52,52,51,52,54,25,26,26,27,25,24,2,2,1,1,0,0,144,384,389,630.9750085
0,17,17,17,18,18,18,55,54,53,51,52,55,25,26,27,28,27,25,2,2,1,1,0,0,144,384,389,444.7219347
1,19,19,19,20,20,20,60,59,58,57,57,60,19,21,21,23,22,20,1,1,1,0,0,0,144,384,389,5.982411443
0,19,19,20,20,20,21,50,49,48,47,49,50,24,25,25,26,26,25,2,2,1,1,0,0,144,384,389,32.63671705
1,20,20,20,20,20,19,54,54,51,50,51,54,24,25,28,28,27,26,2,2,1,1,0,0,144,384,389,134.6591952
0,21,21,21,21,21,21,51,49,51,48,49,53,25,27,26,28,26,25,2,2,1,0,0,0,144,384,390,665.8558555
0,22,22,23,23,22,21,47,46,45,43,45,49,27,29,29,31,29,27,2,2,1,0,0,0,144,384,390,683.1208122
0,21,21,21,22,22,22,46,45,45,42,45,47,28,29,30,33,31,30,2,2,1,0,0,0,144,384,390,386.3146554
0,17,17,19,19,19,20,52,51,51,51,52,52,22,23,23,24,22,22,2,1,1,1,1,0,144,383,392,307.2891198
0,18,18,19,19,18,17,55,55,54,52,54,60,25,26,28,28,26,22,2,1,1,0,0,0,143,383,388,344.2059263
0,18,18,19,19,19,17,53,54,50,48,51,57,25,26,30,30,28,24,1,1,1,0,0,0,144,384,388,57.28152711
1,20,20,20,20,19,17,50,50,48,46,48,54,27,29,30,31,29,26,2,2,1,0,0,0,144,384,389,158.3938328
0,20,21,21,22,21,18,53,52,49,47,48,55,26,28,31,32,30,26,2,1,1,0,0,0,144,384,389,20.15902911
0,20,20,21,21,20,19,49,49,46,46,48,53,26,28,32,31,29,26,2,2,1,0,0,0,144,384,389,44.64087379
0,23,23,23,24,23,21,52,51,49,47,49,52,24,25,27,28,26,24,1,1,1,1,0,0,144,384,389,88.62692155
0,22,22,22,23,22,21,49,48,47,46,47,51,25,26,28,27,25,24,2,1,1,0,0,0,145,384,389,111.7080388
0,22,22,22,23,22,21,49,48,47,46,47,51,25,26,28,27,25,24,2,1,1,0,0,0,145,384,389,95.66828202
1,23,23,23,24,23,21,52,51,49,47,49,52,24,25,27,28,26,24,1,1,1,1,0,0,145,384,389,4.383283524
0,21,21,23,23,22,21,51,50,48,47,49,55,25,26,28,30,27,24,1,1,1,1,0,0,145,385,390,378.3038853
1,22,22,22,22,22,20,48,47,47,45,45,51,30,30,32,32,30,28,1,2,1,1,1,0,145,385,391,4.744147003
0,12,12,12,13,13,14,66,66,65,61,61,63,15,15,17,20,20,19,1,1,1,1,0,0,141,384,422,1526.266153
0,9,9,11,12,12,12,76,76,74,71,70,70,12,13,16,19,19,20,1,1,1,0,0,0,141,385,423,326.3515229
1,12,12,13,14,14,15,66,66,65,63,62,63,16,16,17,19,20,21,1,1,1,1,0,0,141,385,422,244.1868118
0,10,10,10,11,12,12,73,73,72,68,68,68,13,14,16,20,20,20,1,1,1,0,0,0,141,386,423,525.7191756
1,10,10,10,11,11,12,72,71,70,66,66,67,15,15,17,21,21,19,1,1,1,0,0,0,141,387,423,552.8182527
0,10,10,11,11,11,12,71,71,70,67,67,66,16,16,18,20,21,21,1,1,1,0,0,0,141,387,423,851.2789287
0,16,16,16,17,17,18,57,56,55,52,51,52,20,21,24,25,26,26,2,2,1,1,0,0,141,385,421,2132.173788
0,16,16,17,17,18,18,61,61,60,59,57,59,20,20,23,23,26,23,2,1,1,1,0,0,141,385,421,2397.653413
0,13,13,13,14,14,15,68,69,67,65,65,66,17,18,20,21,21,20,1,1,1,1,0,0,141,386,422,68.35063906
0,14,14,14,15,14,15,69,69,67,64,64,64,16,16,19,21,21,21,1,1,1,0,0,0,141,386,423,575.84241
0,10,10,11,12,12,12,68,67,65,62,62,62,17,18,20,23,22,23,1,1,1,0,0,0,141,387,422,1097.664578
1,10,10,10,11,12,12,68,67,67,65,64,64,18,19,18,20,21,21,1,1,1,0,0,0,141,387,422,793.1538884
0,10,10,10,11,12,12,70,70,68,67,66,67,17,17,19,20,21,20,1,1,1,0,0,0,141,387,422,1062.910046
0,10,10,10,11,11,11,70,70,68,64,65,66,14,14,18,21,20,20,1,1,1,0,0,0,141,387,422,636.0039806
0,12,11,12,13,13,13,71,70,69,66,66,66,14,15,18,20,20,20,1,1,1,0,0,0,141,385,420,2951.126773
0,9,9,10,11,11,11,74,75,72,68,68,69,14,14,17,19,19,19,1,1,1,1,0,0,141,385,421,3229.259395
0,9,9,10,11,11,11,74,75,72,68,68,69,14,14,17,19,19,19,1,1,1,1,0,0,141,385,421,3356.879504
0,13,13,13,14,14,14,73,74,72,70,69,70,15,16,16,19,20,19,1,1,1,1,0,0,141,385,422,2513.686221
0,15,14,15,16,17,16,68,67,66,64,62,63,17,17,18,20,20,20,2,1,1,1,0,0,141,386,421,1962.278147
1,12,12,12,14,14,14,70,70,68,68,68,67,17,18,20,19,19,19,1,1,1,1,0,0,141,386,422,20.47478744
0,13,13,13,15,14,14,71,71,69,67,67,66,16,16,19,20,20,20,1,1,1,0,0,0,141,386,422,291.7088904
0,13,13,13,13,14,14,70,68,67,65,65,65,14,16,18,20,20,20,1,1,1,0,0,0,141,387,423,336.7545377
1,13,13,13,14,14,14,67,67,65,62,62,62,15,15,17,20,20,21,2,1,1,0,0,0,141,387,422,441.5826473
0,12,12,12,13,14,14,72,71,68,65,65,65,15,16,18,22,22,22,1,1,1,0,0,0,141,387,423,21.21225452
0,13,13,13,14,13,13,67,68,66,63,62,64,15,15,17,20,20,20,1,1,1,0,0,0,141,386,424,619.5202459
1,16,15,15,16,16,17,62,62,60,58,59,59,18,18,21,24,22,22,2,1,1,0,0,0,141,386,424,276.9111346
0,12,13,14,15,15,16,60,59,57,55,54,56,18,19,20,22,22,23,2,1,1,1,0,0,141,385,421,2754.895297
0,13,13,14,14,14,15,65,65,63,62,62,64,19,20,21,22,21,21,2,1,1,1,0,0,141,385,422,2315.680637
1,13,13,14,15,15,15,63,63,62,60,60,60,20,21,22,23,22,22,2,1,1,1,0,0,141,386,422,2242.971922
1,12,13,13,14,14,15,71,71,68,67,65,65,14,14,19,20,21,21,1,1,1,1,0,0,141,386,422,1409.321785
0,12,12,12,14,14,14,71,71,68,67,66,66,16,17,20,20,21,20,1,1,1,1,0,0,141,386,422,1430.209854
1,13,13,14,14,15,15,71,72,69,67,67,67,16,16,19,20,21,20,2,1,1,1,0,0,141,386,423,832.4015115
0,12,12,13,14,14,14,67,67,65,62,61,60,15,15,18,22,22,23,1,1,1,0,0,0,141,386,422,100.2812671
1,13,13,13,14,14,14,65,65,65,63,62,63,18,19,20,21,23,22,1,1,1,0,0,0,141,386,422,262.0997271
1,13,13,13,14,15,14,64,63,63,60,60,60,16,17,19,22,22,22,1,1,1,1,0,0,141,387,423,398.7612433
0,14,14,14,15,15,16,64,65,62,60,60,59,16,16,19,22,22,22,2,1,1,0,0,0,141,387,423,540.7522682
0,13,13,14,14,14,15,62,62,61,59,59,58,18,19,21,22,22,22,1,1,1,1,1,0,141,387,424,328.1034463
0,12,12,12,13,13,13,68,68,67,64,63,64,14,15,17,19,20,19,1,1,1,1,0,0,141,386,424,506.5832584
0,14,14,14,15,15,14,68,68,69,66,66,66,14,15,15,19,18,18,1,1,1,0,0,0,141,387,425,521.7711168
0,12,13,13,14,14,15,61,61,61,58,58,60,20,20,21,23,22,21,1,1,1,1,0,0,141,385,421,2977.177662
1,12,12,12,13,13,14,64,64,62,59,60,60,17,18,20,22,21,20,1,1,1,1,0,0,141,386,422,2317.456798
0,11,11,12,13,14,14,72,71,69,67,67,68,15,15,17,20,20,19,1,1,1,0,0,0,141,386,422,1556.967564
0,12,12,12,13,13,13,68,67,67,64,64,65,14,15,16,19,19,20,1,1,1,0,0,0,141,386,424,397.3177471
1,11,11,11,12,12,12,70,69,69,66,65,65,15,15,17,19,20,21,1,1,1,0,0,0,141,386,424,221.0027361
1,11,11,11,12,12,12,70,69,69,66,65,65,15,15,17,19,20,21,1,1,1,0,0,0,141,386,424,315.0678035
0,11,11,11,12,12,12,67,67,66,64,64,64,16,16,18,19,20,20,1,1,1,0,0,0,141,386,425,271.8848564
0,12,12,13,13,13,14,65,65,64,61,60,61,17,17,18,20,22,22,1,1,1,1,0,0,141,385,425,457.3580526
0,10,10,11,11,11,12,66,66,64,61,61,61,16,17,19,21,22,21,1,1,1,1,0,0,141,386,425,1159.84592
0,10,10,11,11,12,13,68,67,64,62,61,63,14,15,17,20,21,20,1,1,1,1,0,0,141,386,425,1102.700033
0,12,12,13,14,14,14,62,61,59,56,56,57,18,18,20,24,25,24,1,1,1,1,0,0,141,387,425,388.9156491
0,14,14,15,16,16,17,53,53,51,49,49,51,17,18,21,24,25,24,2,2,1,1,0,0,141,386,421,1578.270042
0,12,12,13,16,15,17,57,57,56,52,53,52,17,18,21,23,22,23,2,2,1,1,0,0,141,386,421,2572.543554
1,15,15,16,16,16,17,58,57,56,53,53,52,21,22,23,26,26,26,1,1,1,0,0,0,141,386,422,2225.640816
1,12,12,12,13,13,13,71,72,69,65,66,65,13,13,17,20,19,20,1,1,1,1,0,0,141,386,422,1348.728497
1,13,13,13,14,14,14,64,64,62,59,59,59,16,17,19,22,22,21,2,1,1,1,0,0,141,386,422,1713.394266
1,13,14,14,15,15,15,61,61,58,56,56,56,19,20,22,25,25,24,2,1,1,0,0,0,141,386,422,1888.168279
1,13,13,13,14,14,14,66,65,63,60,60,61,16,17,21,23,23,23,1,1,1,1,0,0,141,386,422,1309.960992
1,15,15,16,16,16,17,57,57,55,52,52,52,23,23,25,27,27,26,1,1,1,0,0,0,141,386,422,1778.11087
0,12,12,12,13,13,13,69,68,68,63,65,65,15,16,17,21,21,21,1,1,1,0,0,0,141,385,424,757.5525364
1,13,13,14,14,14,14,64,63,62,58,59,60,17,18,20,22,21,22,1,1,1,1,0,0,141,386,424,1014.623592
1,12,11,12,13,12,13,70,69,68,67,66,66,15,16,18,20,20,21,1,1,1,0,0,0,141,386,425,176.9515914
0,10,10,10,11,11,11,69,68,67,64,65,65,15,16,18,20,21,21,1,1,1,0,0,0,141,386,425,177.7799843
1,11,11,12,12,12,12,69,68,67,64,64,65,14,15,17,20,19,19,1,1,1,0,0,0,141,385,425,354.4199073
1,10,10,10,11,11,11,69,68,66,63,63,63,14,14,17,20,20,20,1,1,1,0,0,0,141,385,425,588.7230084
0,11,11,11,11,12,12,68,68,65,62,63,62,14,15,17,21,20,21,1,1,1,0,0,0,141,385,425,1139.176332
1,11,11,11,12,12,12,65,64,63,59,59,60,16,17,18,22,22,21,1,1,1,0,0,0,141,385,425,1433.873436
0,11,11,11,12,11,12,72,71,69,66,66,66,12,13,15,18,18,18,1,1,1,0,0,0,141,386,425,937.6569064
1,10,10,11,11,11,12,66,66,66,61,60,62,15,16,16,21,21,21,1,1,1,0,0,0,141,386,425,985.0260945
0,12,11,12,12,13,13,63,61,59,57,57,59,16,18,20,23,23,22,1,1,1,1,0,0,141,386,425,1086.95577
1,12,12,12,13,13,13,66,65,64,61,61,61,16,17,19,21,20,21,1,1,1,1,0,0,141,386,425,1289.964032
1,13,12,13,13,14,14,61,60,60,57,57,57,19,20,21,24,25,25,1,1,1,1,0,0,141,386,425,859.7328501
0,10,10,11,11,11,12,69,68,67,64,63,64,14,15,17,19,20,20,1,1,1,0,0,0,141,386,425,1331.0268
0,13,13,14,14,14,14,64,63,63,59,61,60,18,19,20,23,21,22,2,1,1,1,0,0,141,386,424,998.9773358
1,12,12,13,14,14,14,62,61,60,57,57,58,20,21,20,23,23,24,1,1,1,1,0,0,141,386,424,619.1767286
1,12,12,13,14,14,14,62,61,60,57,57,58,20,21,20,23,23,24,1,1,1,1,0,0,141,386,424,723.4885438
1,11,11,12,13,12,13,70,71,68,66,66,66,15,15,18,21,20,21,1,1,1,0,0,0,141,386,425,191.547888
0,11,11,12,13,12,13,70,70,67,65,65,65,17,17,20,20,21,22,1,1,1,0,0,0,141,386,425,263.6000196
0,10,10,10,11,10,11,66,65,64,61,62,62,15,16,17,20,19,20,1,1,1,0,0,0,141,386,425,670.6746199
1,12,12,12,13,12,12,66,67,66,64,64,64,16,16,18,20,19,20,1,1,1,0,0,0,141,386,425,331.2726774
1,10,10,10,11,10,11,64,63,63,60,59,60,18,18,20,22,23,22,1,1,1,0,0,0,141,386,425,1023.76194
1,10,10,10,11,10,11,64,63,63,60,59,60,18,18,20,22,23,22,1,1,1,0,0,0,141,386,425,846.6949456
0,10,10,10,11,11,11,69,69,68,64,64,65,15,15,16,20,21,20,1,1,1,0,0,0,141,385,425,437.9582943
1,12,11,12,12,12,12,68,67,66,64,63,64,15,16,18,20,21,21,1,1,1,0,0,0,141,387,425,402.6131531
0,10,10,10,10,10,11,68,68,66,64,63,63,15,15,17,19,20,20,1,1,1,0,0,0,141,385,425,627.0397615
1,9,9,9,10,10,10,67,67,66,64,63,65,16,16,18,20,21,20,1,1,1,0,0,0,141,386,425,1601.848481
1,9,9,9,10,10,10,68,67,66,63,61,62,15,16,18,21,22,22,1,1,1,0,0,0,141,385,424,1046.318257
0,9,9,9,10,10,11,67,67,64,62,61,63,15,16,19,21,22,21,1,1,1,0,0,0,141,386,425,1015.944802
0,15,16,16,17,16,16,56,55,55,53,52,53,21,22,24,24,23,23,2,1,1,0,0,0,141,386,425,380.3561817
0,11,11,11,12,12,13,69,68,67,65,65,64,15,16,18,20,20,20,1,1,1,1,0,0,141,387,425,88.06377098
0,12,11,12,13,13,13,72,72,70,66,66,65,14,15,17,20,20,21,1,1,1,0,0,0,141,385,424,399.6289331
0,12,12,13,15,15,16,58,56,54,52,53,51,17,19,21,24,25,26,1,1,1,1,0,0,142,387,423,1589.974234
0,14,14,15,16,16,16,56,55,54,51,51,51,21,22,23,26,26,26,2,2,1,1,0,0,141,386,425,147.7346567
1,14,14,14,16,15,16,56,56,54,50,51,52,21,22,23,27,26,25,2,2,1,1,0,0,141,386,425,5.54345055
1,16,16,16,17,17,17,55,54,56,53,52,53,23,23,23,25,25,25,2,1,1,0,0,0,141,387,425,977.2604437
0,16,16,16,17,17,16,58,58,57,53,54,56,22,24,24,27,25,24,2,1,1,0,0,0,141,387,425,423.4056742
1,15,15,15,16,16,15,59,59,58,55,56,57,22,22,23,26,25,25,1,1,1,1,0,0,141,387,425,682.1787498
0,15,15,16,17,16,16,58,57,56,54,55,57,23,23,25,26,25,24,2,2,1,0,0,0,141,387,425,80.38627955
1,12,12,12,13,13,13,64,63,63,61,60,60,15,17,18,20,20,20,1,1,1,0,0,0,141,387,425,385.5095603
0,16,16,16,17,16,17,52,51,51,48,49,49,24,26,26,29,28,27,2,1,1,1,0,0,142,387,424,59.27849286
1,13,13,13,14,14,14,62,62,60,57,57,58,19,20,21,25,24,24,2,1,1,1,0,0,141,387,425,795.2925791
0,11,12,12,13,15,14,66,65,64,63,61,62,18,19,20,20,22,21,1,1,1,1,0,0,144,383,456,68.51379268
0,14,14,14,16,17,16,64,64,62,62,60,61,19,20,21,21,22,21,2,1,1,1,0,0,145,384,457,27.91898916
0,16,16,16,17,18,17,67,67,67,64,62,63,19,20,20,20,22,20,1,1,1,1,1,0,145,384,458,101.3874211
1,15,15,15,16,17,17,67,66,65,65,62,63,17,18,19,18,21,19,2,1,1,1,0,0,145,384,458,109.6669815
0,15,15,15,17,18,18,67,67,65,60,58,58,17,18,20,24,25,24,1,1,1,1,0,0,145,383,458,149.6382276
0,18,18,19,20,19,20,59,57,53,52,51,51,20,22,27,28,28,27,1,1,1,1,0,0,145,382,458,177.6988871
0,16,16,17,17,19,18,67,66,65,62,59,61,16,16,19,20,22,21,1,1,1,1,0,0,146,383,459,14.54722559
0,16,17,17,18,18,17,63,63,62,61,59,59,21,21,23,23,24,22,2,1,1,1,1,0,145,384,456,870.6144052
0,15,15,15,16,17,16,69,68,68,66,64,65,17,17,18,19,22,19,1,1,1,1,0,0,145,384,458,270.729856
0,12,12,12,14,16,16,73,73,72,67,65,65,12,12,14,18,21,20,1,1,1,1,0,0,145,383,458,103.1886659
0,13,13,14,15,17,16,69,68,66,63,60,61,16,17,19,21,24,23,1,1,1,1,0,0,145,382,458,74.62291256
0,21,21,22,23,22,21,53,52,52,50,50,52,25,26,27,29,28,27,2,2,1,0,0,0,146,383,457,82.51628986
0,15,16,16,17,17,17,66,65,65,62,59,61,18,19,20,21,23,21,1,1,1,1,0,0,146,383,459,87.58046804
1,18,18,19,20,19,19,63,63,63,59,59,59,20,21,21,24,25,23,1,1,1,0,0,0,145,384,455,1079.455681
0,17,17,18,19,20,18,60,59,59,58,57,58,24,25,25,25,26,25,2,1,1,0,0,0,145,384,455,1000.374779
0,13,13,14,15,16,15,65,64,65,61,61,62,18,19,18,21,21,21,2,1,1,1,0,0,145,384,457,78.30780824
0,11,11,11,13,14,14,72,71,69,68,65,65,14,15,17,17,20,18,1,1,1,1,0,0,145,382,457,123.3595124
0,14,14,15,16,17,16,66,66,65,63,62,63,19,19,20,20,21,20,2,1,1,1,1,0,145,382,457,44.83798427
1,16,16,17,17,18,19,66,65,64,63,61,62,19,20,21,21,23,21,1,1,1,1,0,0,146,383,458,456.4739124
0,15,15,15,16,17,17,67,67,68,63,61,62,17,17,18,21,22,20,1,1,1,1,0,0,146,383,459,146.6564083
0,15,15,15,17,17,17,69,68,68,63,62,62,17,17,17,21,22,21,1,1,1,0,0,0,145,384,455,1981.835446
0,15,15,15,16,17,17,71,70,70,66,64,64,15,16,16,19,20,18,1,1,1,1,0,0,145,384,455,1703.522724
0,10,10,11,12,13,13,72,71,72,69,65,66,14,15,15,16,19,17,1,1,1,1,0,0,145,384,455,1349.293716
0,11,11,11,13,15,13,68,68,67,66,65,66,16,16,18,18,18,18,2,1,1,1,0,0,145,383,456,83.60762394
0,15,16,16,17,19,18,64,63,63,61,60,61,20,20,21,21,22,20,2,2,1,1,1,0,145,382,457,111.7278174
0,13,13,14,15,16,15,64,63,63,61,60,61,19,20,20,20,21,21,2,1,1,1,0,0,146,382,456,339.8419153
0,15,15,15,16,18,17,63,63,61,61,58,59,19,19,21,20,22,21,1,1,1,1,0,0,146,383,457,883.4957557
1,18,19,19,20,20,20,62,62,60,59,58,58,20,20,24,24,24,23,1,1,1,0,0,0,146,383,459,787.8243671
0,18,18,18,19,20,19,61,60,59,58,58,59,21,21,23,24,24,23,1,1,1,0,0,0,146,383,459,975.3446977
0,22,22,23,23,24,23,59,58,58,55,55,56,22,24,23,25,25,24,2,1,1,0,0,0,146,382,459,80.6626457
0,11,11,11,12,14,14,78,78,76,73,69,68,10,10,12,15,19,17,1,1,1,1,0,0,145,384,455,974.8154403
0,14,14,14,15,17,17,69,70,66,64,61,62,12,12,16,18,21,21,1,1,1,1,0,0,145,382,456,820.0928213
0,13,13,14,14,15,15,68,67,65,64,61,61,14,14,19,19,22,20,2,1,1,1,0,0,146,382,455,374.6140104
0,13,13,13,14,16,16,69,68,66,64,61,62,12,12,15,18,21,19,1,1,1,1,0,0,146,382,456,535.6561082
0,13,13,13,14,16,15,67,67,65,62,59,60,14,14,18,20,23,22,1,1,1,1,0,0,146,383,455,277.0782874
0,13,13,13,14,16,17,74,74,72,68,64,64,11,11,15,18,21,20,1,1,1,1,0,0,146,383,458,440.5278527
0,15,15,15,16,18,18,66,67,65,64,61,61,17,17,20,20,23,21,1,1,1,0,0,0,146,383,458,677.9547527
0,18,18,18,19,19,19,69,69,67,64,62,63,15,15,17,20,21,20,1,1,1,0,0,0,146,383,459,504.7010268
0,16,16,16,17,18,18,68,68,65,63,62,62,18,18,20,21,23,22,1,1,1,1,1,0,146,382,459,90.52150957
0,11,11,11,12,14,14,76,76,74,73,67,68,11,11,14,15,19,17,1,1,1,1,0,0,145,384,455,609.377291
0,11,11,12,13,15,15,77,76,74,74,68,69,10,11,14,14,19,17,1,1,1,1,0,0,145,384,455,544.0701397
0,13,13,14,15,17,17,68,67,65,61,59,60,13,13,17,21,23,22,2,1,1,1,0,0,145,382,455,628.302412
0,13,13,14,14,16,16,63,62,61,60,58,60,13,14,17,17,20,18,2,2,1,1,0,0,145,382,454,21.60845313
0,14,14,14,15,16,16,61,62,60,59,57,58,15,15,17,18,20,18,2,1,1,1,0,0,146,383,455,21.48970771
0,13,13,13,14,15,15,69,70,68,65,61,63,11,11,14,17,20,19,1,1,1,1,0,0,146,383,456,619.1420482
0,13,13,13,15,17,17,72,72,70,66,62,64,10,10,13,17,20,19,1,1,1,1,0,0,146,383,456,895.6834567
0,13,13,14,15,16,17,72,71,69,67,63,64,10,11,13,15,19,17,1,1,1,1,0,0,146,383,456,1045.274384
0,12,12,12,13,16,16,73,72,70,68,63,63,10,11,14,16,20,18,1,1,1,1,0,0,146,383,459,775.6386298
0,14,14,14,15,17,17,71,71,70,66,63,64,11,12,13,17,21,18,1,1,1,1,0,0,146,383,457,1153.379036
0,14,14,15,16,17,17,72,72,69,67,63,63,10,11,16,17,20,18,1,1,1,1,0,0,146,383,459,431.5544768
0,14,14,14,15,17,16,71,71,70,66,62,62,11,12,15,17,20,19,1,1,1,1,0,0,146,383,459,785.0935623
0,14,14,14,15,17,17,67,66,63,60,58,59,14,15,19,22,24,21,1,1,1,1,0,0,146,383,459,486.1251337
0,15,15,15,16,17,17,70,69,67,65,61,62,12,13,17,19,23,20,1,1,1,1,0,0,146,383,458,507.1837323
0,12,12,13,15,16,16,64,64,62,61,58,59,16,16,18,19,21,20,1,1,1,1,0,0,146,382,460,926.925526
0,14,14,15,16,17,17,73,72,69,66,63,65,12,12,16,19,21,19,2,1,1,1,0,0,145,382,455,418.0963762
0,11,11,11,12,14,14,74,75,73,68,64,65,8,8,11,15,19,17,2,1,1,1,0,0,145,382,454,877.7981124
0,13,13,13,14,15,16,75,76,73,70,65,65,10,10,13,17,21,19,1,1,1,1,0,0,146,382,455,313.1266601
0,12,12,12,13,15,16,78,77,75,71,68,68,9,11,12,16,19,18,1,1,1,1,0,0,145,381,454,118.6095408
0,13,13,13,14,16,16,73,72,70,66,63,65,9,11,12,16,19,18,1,1,1,1,0,0,146,383,456,734.6951753
0,13,13,13,14,16,16,75,74,73,70,66,67,10,11,12,15,17,16,1,1,1,1,0,0,146,383,455,62.60455051
0,12,12,12,14,16,16,74,74,72,68,65,65,10,10,12,15,19,18,1,1,1,1,0,0,146,383,455,388.5938182
0,13,13,14,15,16,17,71,71,69,67,63,64,10,11,12,14,19,17,2,1,1,1,0,0,146,383,456,1040.992803
0,12,13,13,14,16,16,75,75,72,69,64,65,8,8,10,14,19,17,1,1,1,1,0,0,146,383,456,961.2848619
0,12,12,13,14,16,16,75,75,73,70,65,66,9,9,11,15,19,17,1,1,1,1,0,0,146,383,456,1035.487988
0,15,15,15,16,17,17,73,72,71,67,63,65,11,12,13,17,20,18,1,1,1,1,0,0,146,383,457,1371.778091
0,14,14,15,16,17,17,68,69,68,65,61,61,13,13,15,19,21,19,2,1,1,1,0,0,146,383,458,633.4542373
0,12,12,13,14,15,15,69,70,69,65,63,63,14,14,16,18,19,19,2,1,1,1,0,0,146,383,457,953.3940025
1,15,15,15,16,17,17,65,65,64,61,59,60,14,15,16,19,21,19,2,1,1,0,0,0,146,382,459,279.2050452
0,12,12,13,13,16,15,76,76,72,69,66,66,11,11,15,17,21,19,1,1,1,1,0,0,145,382,454,1380.168087
0,10,10,11,12,14,14,73,74,71,68,63,64,9,9,14,17,21,19,1,1,1,1,0,0,145,382,454,2.27623052
0,10,10,11,12,14,14,77,78,75,72,68,67,9,9,13,16,19,18,2,1,1,1,0,0,145,382,454,325.8012716
0,11,11,11,12,14,14,79,78,75,73,69,70,9,10,13,15,18,17,2,1,1,1,0,0,146,383,455,661.6071341
0,11,11,11,12,15,15,75,75,72,68,65,66,10,12,13,18,21,18,1,1,1,1,0,0,146,382,455,416.1475896
0,12,12,12,13,16,16,75,74,73,69,65,65,9,10,12,16,20,18,2,1,1,1,0,0,146,383,456,414.1972136
0,14,14,14,15,17,17,74,74,72,70,64,65,10,10,13,15,20,18,1,1,1,1,0,0,146,383,455,208.4662852
0,12,13,13,14,16,16,75,75,74,70,67,67,10,10,12,14,18,16,1,1,1,1,0,0,146,383,455,346.7217494
0,12,12,13,14,15,15,72,72,73,70,66,67,11,12,11,15,18,17,1,1,1,1,0,0,146,383,457,825.5151908
0,12,13,13,14,15,15,71,71,71,69,66,67,14,15,15,17,19,18,2,2,1,1,0,0,146,383,458,1280.803059
0,11,11,11,12,14,14,68,69,67,65,63,63,14,13,16,17,19,19,2,1,1,1,0,0,146,382,458,582.213041
0,12,13,13,14,15,15,71,71,70,67,65,65,12,13,15,16,19,17,1,1,1,1,0,0,146,382,458,57.93043576
0,12,12,12,13,15,15,77,76,76,72,68,69,10,11,13,15,19,18,1,1,1,1,0,0,145,382,454,848.3319305
0,11,11,12,12,15,15,80,80,76,75,69,69,8,8,13,14,18,17,1,1,1,1,0,0,145,382,454,254.890885
0,10,10,11,11,13,14,80,79,76,75,68,70,9,10,13,14,19,18,1,1,1,1,0,0,145,382,454,590.9205532
0,10,10,10,12,13,13,76,75,73,71,67,67,11,12,14,16,19,18,1,1,1,1,0,0,146,383,454,1250.768812
0,12,12,13,14,17,17,77,77,75,72,68,69,10,10,13,15,19,17,1,1,1,1,0,0,146,383,455,1713.627113
0,11,11,12,13,13,13,75,74,72,69,65,67,11,12,14,16,20,18,1,1,1,1,0,0,146,383,455,1551.236808
0,12,12,12,13,15,15,73,73,71,68,65,65,11,11,14,17,20,19,1,1,1,1,0,0,146,383,455,0.977629944
0,13,13,14,15,16,16,73,73,70,69,66,66,11,12,13,15,18,17,1,1,1,1,0,0,146,383,457,653.2365288
0,13,14,14,15,16,16,73,73,72,70,67,68,11,11,13,14,17,16,1,1,1,1,0,0,146,383,457,1172.532489
0,13,13,14,14,15,15,71,72,72,69,66,67,13,14,14,16,18,17,2,2,1,1,0,0,146,383,458,1200.580633
0,13,14,14,15,16,16,73,72,72,69,67,67,11,12,13,15,17,16,2,2,1,1,0,0,146,383,458,775.1236377
0,16,16,16,17,18,18,70,69,69,65,63,64,16,16,18,20,22,21,1,1,1,1,1,0,146,382,457,351.8746967
0,16,16,16,17,17,17,70,70,69,67,65,65,15,15,16,17,19,18,1,1,1,1,0,0,147,382,457,38.06510274
0,10,10,10,11,13,13,77,78,75,72,69,69,10,10,13,16,19,18,1,1,1,1,0,0,145,382,454,114.1977118
0,12,12,13,14,15,14,72,71,70,69,65,65,13,14,16,16,20,17,1,1,1,1,0,0,146,383,454,1206.251001
0,12,12,12,13,16,16,75,74,71,70,65,66,11,12,14,15,20,17,1,1,1,1,0,0,146,383,455,1870.94306
0,11,11,11,12,15,15,74,75,71,69,65,66,10,10,13,16,19,16,1,1,1,1,0,0,146,383,456,1001.933949
0,13,13,13,14,17,16,70,69,67,65,61,62,12,13,15,17,20,19,1,1,1,1,0,0,146,383,457,140.4522642
0,14,14,15,16,18,18,68,68,65,62,60,60,14,15,17,21,21,21,1,1,1,0,0,0,146,383,456,76.16472414
0,16,16,17,18,19,18,71,70,68,67,65,66,14,15,17,18,19,18,2,1,1,1,0,0,147,382,457,247.0735701
0,15,15,16,17,17,17,63,62,61,60,59,62,17,18,20,20,20,18,1,1,1,1,0,0,143,388,367,173.8388931
0,15,16,16,16,16,17,59,59,57,57,55,58,20,21,22,22,23,21,1,1,1,1,0,0,143,386,370,877.1947112
0,14,15,15,16,16,16,64,63,60,59,57,59,17,18,22,22,22,20,1,1,1,0,0,0,142,386,373,660.3970667
1,14,15,15,16,17,17,63,63,61,58,58,60,18,19,21,24,24,21,1,1,1,1,0,0,142,386,374,929.4820099
0,14,14,15,16,16,17,66,65,65,60,60,61,18,19,19,23,22,21,1,1,1,1,0,0,141,385,374,28.8628072
0,15,14,15,15,16,17,61,60,59,57,58,59,19,20,23,24,24,22,1,1,1,0,0,0,142,386,374,409.052519
0,15,15,16,17,17,17,60,60,58,56,57,59,20,22,24,25,24,22,2,1,1,1,0,0,142,385,375,157.7169153
0,16,16,16,17,17,17,63,62,62,60,59,62,18,19,20,21,21,18,1,1,1,1,0,0,142,387,371,654.3562303
0,17,17,18,19,20,21,70,68,64,61,58,60,13,15,19,22,22,20,1,1,1,0,0,0,141,386,374,647.6696772
1,14,14,15,16,16,18,64,64,62,58,58,61,18,19,21,24,23,20,1,1,1,1,0,0,141,385,375,104.247469
1,14,14,15,16,16,17,65,63,61,57,57,59,17,19,22,24,24,21,1,1,1,0,0,0,141,385,375,455.812347
0,13,13,13,14,15,15,64,63,62,60,58,61,18,18,18,21,22,18,1,1,1,1,0,0,141,384,375,413.3257948
0,14,14,14,15,16,16,65,64,62,59,58,60,18,19,20,22,22,21,1,1,1,1,0,0,142,386,374,30.86565512
1,15,15,15,16,16,16,64,63,61,59,59,60,19,20,22,23,23,22,1,1,1,1,0,0,142,386,373,54.23821376
0,14,14,14,15,16,15,63,62,61,59,58,60,18,19,21,22,22,20,1,1,1,1,0,0,142,386,373,275.2714416
1,15,15,15,16,16,15,62,62,61,58,57,61,19,21,22,24,23,21,1,1,1,1,0,0,142,386,373,231.1278549
1,14,14,15,16,17,16,61,59,59,57,57,58,20,22,23,25,23,23,2,1,1,1,0,0,142,385,374,124.6561524
0,15,15,16,16,16,16,61,60,59,57,58,61,18,19,20,22,22,20,1,1,1,1,0,0,142,385,375,47.57489391
0,16,16,17,18,18,17,60,58,57,54,55,57,20,22,23,24,23,22,2,1,1,0,0,0,142,387,370,693.0588041
0,16,16,16,17,18,19,64,63,62,59,57,60,17,18,21,23,22,20,1,1,1,0,0,0,141,385,374,348.8872879
0,17,17,18,18,21,21,68,67,63,60,57,59,14,14,19,22,22,20,1,1,1,0,0,0,141,385,375,561.5987735
0,14,14,14,15,16,16,68,67,68,64,61,62,15,16,16,19,19,19,1,1,1,1,0,0,141,385,375,498.4325216
1,14,14,14,15,16,16,68,67,68,64,61,62,15,16,16,19,19,19,1,1,1,1,0,0,141,384,375,441.1889309
0,12,12,13,14,15,14,71,70,70,66,65,67,14,16,16,19,19,18,1,1,1,1,0,0,142,386,374,395.0101456
1,12,12,13,14,15,15,63,62,61,58,58,61,20,21,22,24,23,22,1,1,1,1,0,0,142,385,374,338.6825788
1,15,15,16,17,17,17,62,61,58,56,56,58,19,20,23,26,24,22,2,1,1,1,0,0,141,385,377,335.7823251
0,16,17,17,18,18,17,57,56,55,53,53,55,22,23,24,26,25,23,2,1,1,1,0,0,141,385,377,250.083351
0,17,17,18,19,18,18,60,58,58,56,57,59,21,23,23,24,23,22,1,1,1,0,0,0,142,386,371,900.0997201
0,16,16,16,17,17,17,58,55,54,53,53,56,20,23,24,24,24,23,2,1,1,0,0,0,142,386,371,571.503962
0,16,16,17,17,17,17,63,62,61,58,57,59,19,20,21,23,22,22,1,1,1,0,0,0,141,385,374,341.1151268
0,17,17,18,19,20,20,67,66,64,61,58,60,14,15,19,21,21,17,1,1,1,0,0,0,141,385,375,391.11101
0,14,14,15,15,16,17,66,66,65,62,60,61,15,16,16,19,19,19,1,1,1,0,0,0,141,384,374,53.39661945
0,12,13,13,14,15,15,72,71,68,67,64,65,14,16,18,19,20,19,1,1,1,1,0,0,141,385,375,477.4933215
1,13,13,14,15,15,15,64,63,62,59,59,64,18,19,21,24,23,20,2,1,1,1,0,0,141,384,375,24.88343499
1,13,13,14,15,15,15,64,63,62,59,59,64,18,19,21,24,23,20,2,1,1,1,0,0,141,384,375,91.36062729
1,13,13,14,15,16,15,65,64,62,60,60,62,19,20,22,23,22,20,1,1,1,1,0,0,141,384,375,103.6434976
1,13,13,13,14,15,15,66,65,63,61,61,63,19,20,21,22,21,20,1,1,1,1,0,0,141,384,375,16.34867017
1,15,16,16,17,17,18,62,60,58,55,56,58,19,20,23,26,23,23,2,1,1,1,0,0,141,385,377,415.685581
1,14,14,15,16,16,16,62,61,59,57,57,60,20,22,25,26,25,22,2,1,1,1,0,0,141,384,375,285.9717665
0,12,12,12,13,14,15,60,59,59,57,57,59,23,24,24,26,24,23,2,1,1,0,0,0,141,385,376,105.0978478
0,15,16,16,18,17,17,62,60,58,56,55,57,19,22,24,24,24,23,1,1,1,0,0,0,141,386,371,314.4878972
0,16,16,16,17,17,16,65,63,61,57,56,59,16,18,20,22,22,20,2,1,1,0,0,0,141,385,372,17.06540838
0,16,16,16,17,16,16,62,60,59,55,54,58,17,20,21,24,23,22,1,1,1,0,0,0,141,385,371,20.81246371
0,15,16,17,17,18,17,66,65,61,59,56,60,16,18,21,22,22,21,1,1,1,0,0,0,141,384,374,149.0376103
0,14,14,15,15,16,16,65,64,64,60,59,60,18,19,19,21,21,19,1,1,1,1,0,0,141,385,374,450.3537801
0,16,16,16,17,18,17,62,61,60,57,56,57,20,20,22,23,23,22,1,1,1,1,0,0,141,385,374,200.5205774
0,14,14,15,15,17,16,63,63,60,56,57,58,18,19,22,23,22,22,1,1,1,0,0,0,141,384,374,504.9828051
1,13,13,14,15,15,16,62,61,59,57,58,60,20,22,24,25,23,22,1,1,1,0,0,0,141,384,375,743.9035956
1,13,13,14,15,16,16,64,64,60,59,59,60,18,19,22,23,22,22,1,1,1,1,0,0,141,385,376,261.8203272
0,13,13,14,15,15,16,64,63,63,61,61,62,20,21,21,23,22,21,1,1,1,0,0,0,140,384,377,343.6724382
1,14,14,14,15,16,16,62,61,61,58,59,61,20,21,23,24,22,21,2,1,1,1,0,0,141,384,378,194.6285433
1,16,16,17,18,18,19,62,61,57,56,54,57,19,20,23,23,24,22,2,2,1,0,0,0,140,383,379,420.510525
1,15,15,17,17,18,19,69,68,64,63,58,62,17,18,21,22,22,19,1,1,1,0,0,0,141,385,372,139.1985438
0,15,15,16,16,17,16,69,67,64,60,56,60,15,17,19,22,24,21,1,1,1,0,0,0,141,384,373,318.0824762
0,15,15,17,18,17,17,66,65,61,57,57,60,17,19,22,23,22,20,2,1,1,0,0,0,141,384,374,373.8365105
0,15,15,16,16,17,17,66,65,63,59,56,60,17,18,20,23,23,20,1,1,1,0,0,0,140,385,376,5.864012149
1,14,14,15,15,17,18,63,63,61,59,56,58,20,21,24,24,24,22,1,1,1,1,0,0,140,385,376,85.64944168
0,14,14,15,15,17,16,65,63,61,58,57,59,17,19,21,23,22,22,1,1,1,1,0,0,141,385,374,589.795478
1,15,15,15,16,17,16,61,61,61,56,56,57,19,20,21,24,24,23,1,1,1,0,0,0,140,383,377,157.9402756
0,17,17,17,18,17,17,54,53,51,47,48,51,23,24,28,29,28,26,2,1,1,0,0,0,141,385,376,749.165252
0,12,12,13,14,14,15,62,61,58,55,57,59,22,23,26,28,26,24,1,1,1,1,0,0,140,383,378,689.6551989
0,14,14,15,16,17,17,64,62,58,57,57,60,19,21,24,25,23,21,1,1,1,1,0,0,140,383,380,342.9376504
1,15,15,16,16,17,17,62,61,59,57,56,59,19,21,23,23,23,21,2,1,1,1,0,0,141,384,378,52.05331973
1,17,16,17,17,18,19,61,59,58,56,55,57,18,19,22,23,23,22,2,2,1,1,0,0,140,383,381,103.1336612
1,16,16,17,18,19,20,67,66,64,61,59,61,18,19,21,22,21,19,1,1,1,0,0,0,141,384,375,147.791993
0,15,15,16,16,18,18,66,65,61,59,58,60,18,19,22,24,23,21,2,1,1,0,0,0,140,384,375,627.440415
0,16,16,16,17,17,17,60,58,55,52,51,54,21,23,25,27,26,24,2,1,1,0,0,0,140,385,375,186.7497789
0,15,15,17,17,18,19,68,66,63,61,57,61,18,20,22,23,24,22,1,1,1,0,0,0,140,384,376,198.0862779
1,15,15,15,16,16,16,63,62,61,57,56,57,19,20,20,23,23,22,1,1,1,0,0,0,140,383,377,274.8127762
0,15,15,16,16,18,18,59,59,58,55,54,57,22,24,25,27,26,24,2,2,1,0,0,0,140,384,377,10.84294894
0,16,16,16,17,17,18,58,57,55,51,52,54,22,23,26,28,27,26,1,1,1,0,0,0,140,383,379,489.8770155
1,15,15,16,16,17,16,56,55,55,52,52,53,24,25,25,26,26,26,1,1,1,0,0,0,140,384,377,220.6211109
0,15,15,16,17,18,18,56,55,54,50,51,53,23,25,26,27,26,25,1,1,1,0,0,0,140,384,377,29.93131682
0,15,15,15,16,18,18,62,61,59,56,57,58,18,19,21,23,22,21,1,1,1,1,0,0,140,383,380,292.3683731
1,14,15,15,16,16,16,65,64,59,57,55,59,18,19,23,24,25,22,1,1,1,0,0,0,141,384,375,9.901137005
0,14,15,15,15,15,16,66,66,62,60,59,62,17,18,21,22,22,20,1,1,1,1,1,0,141,384,375,423.330537
1,16,16,17,17,17,17,66,66,62,59,57,61,17,18,21,23,23,21,2,1,1,0,0,0,141,384,375,19.65884507
0,16,16,17,18,18,18,62,60,57,54,53,57,20,21,24,25,25,22,2,1,1,0,0,0,140,385,375,244.2673526
0,17,17,18,19,21,21,61,61,60,57,55,57,21,21,22,23,24,22,2,1,1,0,0,0,140,382,377,190.5220517
1,14,14,14,15,16,16,59,58,58,56,55,56,23,23,24,26,26,25,2,2,1,0,0,0,140,383,377,2.754664701
0,13,14,14,15,16,16,60,59,58,57,55,56,23,24,24,25,26,25,2,1,1,0,0,0,140,382,379,36.24615368
1,15,15,15,16,16,17,59,58,56,53,53,54,23,24,26,27,26,25,2,1,1,0,0,0,140,383,379,41.95360339
0,16,16,16,17,19,18,60,58,57,54,53,56,20,20,22,24,23,22,2,2,1,0,0,0,139,383,381,142.9381229
0,14,14,15,15,16,16,66,67,63,61,59,63,18,18,22,23,23,20,1,1,1,1,1,0,141,384,374,203.6342956
0,14,14,14,15,16,17,61,61,58,56,54,56,20,21,23,25,25,23,1,1,1,1,0,0,141,384,375,389.3950705
0,16,16,16,17,19,18,64,64,61,57,55,58,19,19,22,25,25,23,1,1,1,0,0,0,140,382,378,29.14596602
1,17,17,18,18,18,18,54,53,51,47,48,50,24,25,27,29,27,26,2,2,1,0,0,0,139,383,379,150.5865314
0,16,16,16,17,17,17,55,53,51,48,49,50,24,25,27,28,27,26,2,2,1,0,0,0,139,383,379,344.2530794
1,14,15,15,15,16,17,57,57,55,51,51,53,22,23,25,27,26,25,2,2,1,0,0,0,140,382,379,425.3280059
1,15,15,15,15,16,16,56,55,54,51,52,52,23,24,26,28,27,26,2,2,1,0,0,0,139,383,379,462.9786077
1,16,16,16,17,17,17,54,53,51,48,49,50,24,25,27,28,27,27,2,2,1,0,0,0,139,383,379,496.8545312
1,16,16,16,17,17,17,54,53,51,48,49,50,24,25,27,28,27,27,2,2,1,0,0,0,139,383,379,416.6070339
1,15,15,16,16,17,17,57,56,54,51,51,52,21,22,25,25,25,25,2,2,1,0,0,0,139,382,379,945.4785371
0,14,14,14,15,16,16,60,59,57,53,53,55,20,21,24,24,23,23,2,1,1,0,0,0,140,382,380,1191.506479
0,16,16,16,17,18,19,62,62,60,58,58,60,20,21,24,24,24,22,1,1,1,1,0,0,141,384,374,225.8535905
0,15,15,15,16,16,16,58,58,55,50,50,53,20,22,24,26,26,24,2,1,1,1,0,0,140,385,376,129.8066726
0,14,14,15,15,16,16,58,57,55,52,50,52,23,24,26,28,27,27,2,1,1,0,0,0,140,382,379,498.5113252
1,15,15,16,16,17,17,59,58,57,54,52,54,23,23,25,27,27,26,2,1,1,1,0,0,139,382,379,310.1745586
1,15,15,16,16,17,17,62,61,59,55,53,55,19,20,23,25,26,25,2,2,1,1,0,0,139,382,380,139.4214266
0,16,16,17,18,18,18,61,60,58,55,54,57,21,22,24,25,25,22,2,1,1,0,0,0,139,382,382,312.4864007
0,16,16,16,17,18,19,63,61,62,60,60,61,18,20,20,21,21,20,1,1,1,0,0,0,151,377,383,250.1207044
0,15,15,15,16,17,18,60,59,58,56,56,59,22,23,24,25,25,23,1,1,1,0,0,0,151,377,382,268.1033739
0,17,17,18,18,18,20,60,60,57,56,56,57,22,22,25,24,25,24,1,1,1,0,0,0,151,377,382,177.3697591
0,15,15,15,16,16,17,63,62,61,58,58,59,20,21,22,24,24,23,1,1,1,0,0,0,152,377,384,299.7041946
0,14,14,15,15,16,17,62,62,61,60,60,60,21,22,23,23,24,24,1,1,1,0,0,0,152,377,384,204.5423757
0,14,14,15,16,17,16,62,61,62,58,57,59,20,21,21,24,25,23,1,1,1,0,0,0,152,377,385,136.6013826
0,16,16,17,18,18,18,62,62,61,59,59,59,21,21,22,23,22,23,1,1,1,0,0,0,152,376,385,32.10982464
0,15,15,16,16,17,18,65,64,60,59,60,61,19,20,23,23,22,22,1,1,1,0,0,0,151,375,381,2.061598837
1,16,16,16,17,18,18,61,60,59,57,57,59,21,22,24,24,25,24,1,1,1,0,0,0,151,376,382,42.6172439
0,17,17,17,18,18,19,62,61,60,58,59,60,21,22,24,25,24,23,1,1,1,0,0,0,152,376,382,223.4046112
0,15,16,17,17,18,18,63,62,61,60,60,60,20,22,23,23,23,23,1,1,1,0,0,0,152,377,384,59.08615252
0,15,15,15,16,17,17,63,63,63,59,60,59,20,21,22,25,25,25,1,1,1,0,0,0,152,377,384,103.5083641
0,15,15,15,16,17,17,64,64,63,59,60,59,19,20,21,24,23,23,1,1,1,0,0,0,152,377,385,49.06678853
0,16,16,16,17,17,17,63,62,60,59,59,59,21,22,24,25,25,24,1,1,1,0,0,0,152,376,384,41.10015547
0,15,15,16,16,17,18,58,58,56,55,55,56,24,26,28,27,28,26,1,1,1,0,0,0,151,376,382,70.27189802
1,14,14,14,15,15,18,61,61,60,59,59,57,23,24,24,24,24,24,1,1,1,0,0,0,153,378,378,97.3015389
0,17,17,18,18,19,19,60,59,57,54,56,56,22,23,25,26,26,26,1,1,1,0,0,0,152,376,382,338.8870552
0,16,16,17,17,19,19,61,60,59,58,58,58,22,23,25,25,26,25,1,1,1,0,0,0,151,377,382,263.7396034
0,16,16,17,18,19,19,59,57,57,56,57,60,23,24,25,25,24,22,2,1,1,0,0,0,152,376,383,338.1789139
1,15,15,16,17,18,18,66,65,65,61,60,62,19,20,21,24,25,23,1,1,1,0,0,0,152,377,385,171.0192205
0,14,14,15,16,17,17,64,64,62,60,59,59,19,20,22,23,24,24,2,2,1,0,0,0,152,377,383,169.7431138
1,17,17,17,17,17,19,61,60,60,59,59,58,21,21,22,24,23,23,1,1,1,0,0,0,154,379,378,101.2606611
0,16,16,17,17,17,17,60,59,58,55,57,54,21,22,24,27,26,26,1,1,1,0,0,0,153,378,378,186.3280408
1,15,15,16,17,17,18,65,64,61,60,60,60,18,20,24,25,26,24,1,1,1,0,0,0,153,378,378,4.738536207
0,16,17,17,17,19,20,62,61,58,55,56,57,22,23,26,27,27,25,1,1,1,0,0,0,152,376,382,211.7414563
0,17,17,17,18,19,20,61,60,57,55,56,58,21,21,24,27,26,25,1,1,1,0,0,0,152,376,382,242.653364
0,15,15,15,16,17,18,61,60,60,58,58,59,22,23,23,24,24,23,1,1,1,0,0,0,152,376,384,5.215368252
1,16,16,17,17,19,19,62,62,61,58,58,59,20,21,22,23,24,23,1,1,0,0,0,0,152,376,384,71.50829514
1,15,15,16,16,18,18,64,64,64,61,60,60,19,20,21,23,24,23,2,2,1,0,0,0,152,376,385,92.82343497
0,15,15,16,16,18,18,65,64,63,60,60,61,18,19,20,24,24,23,2,2,1,0,0,0,152,375,383,235.518206
1,15,15,15,16,17,17,59,58,56,54,55,53,19,21,23,26,25,26,1,1,1,0,0,0,153,378,378,471.864889
0,15,15,15,16,17,17,59,58,56,54,55,53,19,21,23,26,25,26,1,1,1,0,0,0,153,378,378,610.9575123
1,15,15,16,16,18,18,66,65,62,59,59,59,18,19,23,25,24,23,1,1,1,0,0,0,153,378,378,64.691973
0,14,14,15,15,17,17,63,62,61,58,59,59,19,20,20,23,22,21,2,2,1,0,0,0,154,378,377,63.65342974
0,17,17,17,17,19,19,65,63,62,61,60,60,19,21,23,23,24,24,1,1,1,0,0,0,152,376,381,41.43232884
1,16,16,17,17,19,19,60,60,59,57,57,57,23,24,25,27,27,26,1,1,0,0,0,0,152,376,383,168.1752998
0,16,16,17,17,19,19,62,60,59,56,56,56,21,23,25,27,28,27,1,1,1,0,0,0,152,376,383,73.73216161
1,16,16,17,17,19,19,64,63,62,59,60,61,19,20,21,22,22,21,1,1,0,0,0,0,152,376,384,26.09016438
0,15,15,16,16,18,18,66,65,63,61,60,61,17,19,21,22,23,23,2,2,1,0,0,0,152,375,383,302.6410697
0,14,14,15,16,17,17,63,62,62,60,58,59,20,21,22,23,24,23,1,1,1,0,0,0,152,375,382,183.5389065
0,14,14,14,15,15,17,60,60,58,55,55,54,18,19,22,26,26,27,1,1,1,0,0,0,154,378,375,669.6456406
1,16,16,16,17,18,18,58,57,55,53,53,53,20,22,24,26,26,26,1,1,1,0,0,0,154,378,376,322.4365095
0,14,14,14,15,16,17,67,66,64,61,61,60,17,18,20,23,22,22,2,2,1,0,0,0,154,378,377,11.06502005
1,16,16,16,17,17,18,62,60,58,57,58,57,21,22,26,27,25,24,1,1,1,0,0,0,152,376,381,219.4662193
0,16,16,16,17,17,18,66,65,63,61,63,61,17,18,21,24,21,22,2,2,1,0,0,0,153,376,377,261.6073135
1,17,18,18,19,19,20,59,58,55,54,54,56,23,25,28,28,28,26,2,2,1,0,0,0,152,375,382,37.49286796
0,16,16,17,18,19,19,61,60,58,56,56,57,21,22,24,26,26,25,1,1,0,0,0,0,152,375,383,421.3581325
1,16,16,17,18,19,19,61,60,58,56,56,57,21,22,24,26,26,25,1,1,0,0,0,0,152,375,383,356.5097506
1,16,16,17,18,19,19,62,62,60,58,57,58,19,20,22,24,25,25,1,1,1,0,0,0,152,374,383,80.85934013
0,16,16,17,18,19,20,63,62,61,58,58,58,20,21,23,25,25,25,1,1,1,0,0,0,152,374,383,162.4530994
0,15,15,16,16,18,18,63,62,62,60,61,61,20,21,23,23,24,23,2,1,1,0,0,0,153,375,382,408.1672317
1,14,13,14,15,16,16,61,61,60,58,57,57,21,21,23,26,26,25,1,1,1,0,0,0,155,379,373,530.0596308
1,15,15,15,16,16,17,63,62,62,60,61,58,21,22,23,24,24,25,1,1,1,0,0,0,155,379,374,139.852381
0,15,15,16,16,17,17,66,65,65,61,62,60,18,19,21,24,23,24,1,1,1,0,0,0,154,378,376,103.6193936
0,17,17,17,18,18,18,62,61,59,57,57,57,19,21,22,25,25,24,1,1,1,0,0,0,155,378,374,19.0775254
1,17,17,18,18,19,19,62,61,59,57,57,58,20,21,23,26,26,24,1,1,1,0,0,0,154,378,375,34.41608139
1,16,17,17,17,18,19,64,63,60,58,59,60,20,21,23,25,24,22,2,2,1,0,0,0,152,375,382,137.96528
1,16,15,16,16,17,17,64,64,63,59,60,59,19,19,20,24,23,23,2,2,1,0,0,0,154,377,376,170.2597637
0,17,17,18,19,19,20,58,57,56,53,53,55,24,25,26,28,27,25,2,2,1,0,0,0,152,375,382,223.2184531
1,16,16,17,17,19,19,63,63,61,59,59,59,21,21,24,25,25,25,1,1,1,0,0,0,152,374,382,142.0756024
1,16,16,17,17,19,19,63,63,61,59,59,59,21,21,24,25,25,25,1,1,1,0,0,0,152,374,382,66.53748127
0,16,16,17,17,20,19,62,61,61,59,59,60,21,22,23,24,24,24,1,1,1,0,0,0,152,375,382,153.6989168
0,15,16,17,17,18,19,58,58,57,54,55,55,25,25,26,28,28,28,2,2,1,0,0,0,153,375,381,156.4427267
1,13,13,14,14,15,17,63,63,61,58,58,57,18,19,22,25,24,24,1,1,1,0,0,0,155,379,371,636.8834989
1,15,14,14,15,16,17,64,64,60,60,59,59,18,18,21,23,23,23,1,1,1,0,0,0,156,379,370,171.7389082
0,16,15,16,16,17,18,64,63,63,61,60,58,19,20,21,24,24,24,1,1,1,0,0,0,155,379,374,461.7704501
1,15,15,15,15,16,17,62,62,60,58,58,58,17,18,21,24,24,24,1,1,1,0,0,0,154,378,374,338.0374506
1,18,17,18,19,20,20,60,59,57,54,53,53,19,21,25,28,28,27,2,2,1,1,0,0,155,378,374,80.67953839
0,15,15,16,16,17,18,59,57,56,54,55,54,21,22,26,28,27,26,1,1,1,0,0,0,155,378,374,17.64516129
1,17,18,18,18,19,19,56,55,53,51,51,51,23,25,28,30,30,29,2,2,1,0,0,0,155,378,374,41.55830994
1,17,17,18,18,18,19,55,54,51,50,50,50,24,25,29,29,30,29,2,2,1,0,0,0,155,378,374,19.76016128
1,18,18,18,19,20,20,60,59,57,53,53,53,21,21,25,29,28,27,2,2,1,1,0,0,155,378,374,26.30827539
1,18,18,19,20,20,20,58,57,55,54,53,51,22,24,26,28,28,28,2,2,1,0,0,0,155,378,374,118.2168483
1,16,16,16,17,17,18,59,59,57,55,55,57,24,23,25,26,26,24,2,2,1,0,0,0,153,376,377,248.8759066
1,17,17,17,18,19,19,63,62,62,58,57,58,19,20,21,26,26,25,1,1,1,0,0,0,154,376,376,198.4221202
0,16,17,17,18,18,19,60,59,57,56,56,56,22,23,25,25,25,24,2,2,1,0,0,0,154,375,378,70.23202763
1,16,17,18,18,19,20,61,61,58,57,58,59,20,21,24,24,24,22,2,2,1,0,0,0,154,375,378,70.84666826
1,16,16,17,17,18,19,62,61,60,58,57,57,18,19,20,22,23,22,2,2,1,1,0,0,154,375,378,110.3205973
1,16,16,17,18,19,19,59,58,57,54,54,56,23,24,26,27,28,26,1,1,1,0,0,0,153,375,382,419.544318
0,16,16,17,18,18,18,58,57,55,53,53,54,23,24,27,27,27,26,1,1,1,0,0,0,153,375,382,393.0776513
0,15,15,15,15,16,18,61,60,59,58,57,57,19,20,22,23,24,24,1,1,1,0,0,0,156,380,370,403.2045788
0,15,15,16,16,17,17,62,61,60,59,59,59,18,19,21,23,23,22,1,1,1,0,0,0,156,379,370,575.0600191
1,16,16,17,17,17,17,60,60,57,55,55,54,20,22,25,28,27,26,1,1,1,0,0,0,155,378,374,420.3224112
0,17,17,17,18,18,18,59,59,58,56,56,57,22,22,25,27,27,26,1,1,1,0,0,0,156,379,373,87.68799018
1,17,17,18,19,19,19,55,54,52,51,51,52,25,26,29,30,30,29,2,2,1,0,0,0,155,377,375,96.10036982
1,16,16,16,17,17,18,62,62,62,59,58,59,19,19,20,23,23,23,1,1,1,0,0,0,154,376,375,15.28537993
0,16,17,17,18,18,19,61,60,56,56,57,58,20,21,25,24,23,22,2,2,1,0,0,0,154,376,377,102.6336406
1,16,16,16,17,18,18,60,59,58,57,57,58,21,22,23,25,24,23,2,2,1,0,0,0,154,376,377,33.32062466
1,17,17,17,17,18,18,62,60,61,58,58,59,20,22,21,24,24,23,2,2,1,0,0,0,154,376,377,153.2344714
1,18,18,19,19,19,19,59,58,56,54,56,56,22,23,25,27,25,24,2,2,1,0,0,0,154,376,377,129.8670549
1,14,15,15,16,17,17,61,60,59,57,56,57,22,23,24,26,26,25,1,1,1,0,0,0,153,375,381,301.8351376
0,17,17,18,19,20,20,58,57,56,55,55,56,24,24,27,28,27,26,1,1,1,0,0,0,153,375,381,38.20726432
0,15,15,15,15,16,17,65,64,61,59,59,60,17,18,21,24,23,23,1,1,1,0,0,0,157,379,368,279.1281099
0,15,15,16,17,17,17,62,61,61,58,58,58,20,21,21,24,24,23,1,1,1,0,0,0,157,379,369,25.24186543
0,16,16,16,16,17,18,60,60,58,55,55,56,19,19,21,24,24,24,2,2,1,0,0,0,155,378,373,254.6952406
0,15,15,16,16,17,18,64,63,61,58,57,58,19,19,21,25,24,22,2,2,1,0,0,0,154,376,375,139.8121363
1,15,15,16,16,17,17,65,64,62,59,59,60,17,17,21,23,23,21,2,1,1,0,0,0,155,377,373,80.15679017
1,17,17,17,18,18,18,62,61,58,58,59,59,19,20,23,24,22,20,2,2,1,0,0,0,155,377,373,84.65328852
1,18,18,19,19,19,20,64,63,62,59,60,60,18,19,21,24,23,21,1,1,1,0,0,0,155,377,373,124.9958123
0,17,16,17,18,18,18,63,62,58,58,58,59,19,21,25,25,24,22,2,2,1,0,0,0,154,375,377,66.12055073
0,17,17,18,19,20,20,57,56,54,52,51,53,21,23,25,27,27,26,2,1,1,1,1,0,138,377,398,483.9865264
0,18,19,19,20,20,19,54,53,51,49,46,47,21,22,26,28,28,27,2,1,1,1,0,0,138,376,398,408.8478008
0,21,21,22,22,21,21,49,48,46,44,44,43,24,25,29,31,31,30,2,2,1,0,0,0,138,375,398,140.5862821
0,23,23,23,24,24,24,42,41,40,38,38,39,29,30,31,32,33,31,2,2,1,1,0,0,138,375,397,145.7884884
0,22,22,23,23,23,23,47,45,42,42,42,43,25,26,30,30,30,30,2,2,1,1,0,0,138,375,397,24.52187254
0,16,16,17,18,18,18,58,58,54,52,51,52,20,21,24,27,27,25,1,1,1,1,0,0,139,377,398,586.2898992
0,18,18,19,20,20,21,53,52,50,47,46,48,23,24,26,29,29,28,2,1,1,1,0,0,139,376,397,779.6447766
0,20,20,21,22,22,22,54,53,49,48,47,48,23,24,28,30,30,29,2,2,1,1,0,0,139,376,397,302.57536
0,20,20,20,21,21,21,51,50,47,46,45,46,26,27,30,32,32,31,2,2,1,1,0,0,139,376,396,482.5517441
0,22,22,22,23,23,22,49,48,46,45,45,46,24,26,28,28,28,28,2,2,1,1,0,0,138,375,397,8.469745607
0,21,21,22,22,22,22,44,44,43,43,41,42,27,29,30,29,29,30,1,1,1,0,0,0,138,375,397,3.868374183
0,18,18,19,19,19,19,49,47,45,44,44,44,24,25,28,28,29,28,2,2,1,0,0,0,138,375,397,6.613055988
0,19,19,21,21,20,21,49,49,47,46,47,49,25,26,27,28,27,26,2,2,1,0,0,0,139,375,396,641.906392
0,21,21,21,21,21,22,48,48,47,46,47,47,25,25,26,28,27,25,1,1,1,0,0,0,138,375,396,149.6170654
0,19,20,20,20,20,20,55,53,51,49,48,50,24,25,27,29,28,27,1,1,1,1,0,0,139,377,398,906.2965918
0,20,21,22,22,22,22,53,51,49,47,46,47,24,26,27,30,29,28,1,1,1,1,0,0,139,377,396,980.9572897
0,19,19,20,20,21,21,55,53,52,49,48,48,24,25,26,28,29,29,2,1,1,1,0,0,139,376,396,9.212763434
0,20,20,20,21,20,21,53,52,49,48,47,48,25,26,29,30,30,30,2,1,1,1,0,0,139,376,396,92.80285459
0,18,18,19,20,19,20,54,52,52,50,49,49,23,26,25,27,27,27,2,1,1,1,0,0,139,376,396,18.78760814
0,19,19,20,20,21,20,56,55,53,52,49,48,22,23,26,27,27,27,2,1,1,1,0,0,139,375,396,347.3427562
0,20,20,20,21,22,22,50,50,49,49,48,49,24,25,25,26,25,25,2,2,1,1,1,0,139,375,396,6.0831191
0,19,19,21,21,20,21,49,49,47,46,47,49,25,26,27,28,27,26,2,2,1,0,0,0,139,375,396,613.6052638
1,19,19,20,21,20,20,50,51,49,48,47,48,23,23,26,27,26,26,2,2,1,0,0,0,139,375,396,113.6118476
0,13,14,14,15,15,15,66,65,62,59,58,59,18,19,22,24,23,22,1,1,1,1,0,0,139,377,396,188.4706243
0,20,20,21,22,21,21,53,51,49,46,46,48,26,28,30,32,30,30,2,1,1,0,0,0,139,377,396,177.3203055
0,18,19,19,20,20,20,57,56,53,51,48,47,23,24,28,29,28,29,1,1,1,1,0,0,139,376,396,135.0205989
0,17,17,18,19,19,19,55,55,54,52,49,49,23,24,26,27,26,26,1,1,1,1,0,0,139,375,396,33.16455261
0,18,19,21,21,21,20,56,55,55,53,51,50,23,24,26,27,27,26,2,1,1,1,0,0,139,375,396,191.8144521
1,19,19,20,21,20,20,53,52,51,49,48,48,25,27,29,29,29,28,1,2,1,1,0,0,139,376,396,51.83496916
0,20,21,21,21,21,21,52,52,48,46,44,45,23,25,29,30,30,29,2,1,1,1,0,0,139,376,397,380.4556354
0,20,21,21,22,22,21,54,52,52,50,47,48,24,26,28,29,29,28,1,1,1,0,0,0,139,376,397,90.73871403
1,18,18,19,20,20,19,52,51,50,48,47,48,25,26,28,29,29,28,2,1,1,0,0,0,139,376,396,54.56586961
0,18,18,18,19,19,18,59,57,56,53,51,51,20,22,23,25,27,27,2,1,1,1,0,0,139,374,396,8.243233775
0,18,18,18,19,19,18,59,57,56,53,51,51,20,22,23,25,27,27,2,1,1,1,0,0,139,374,396,5.343422564
1,17,17,17,18,17,17,51,51,50,47,47,48,24,25,26,27,27,27,2,2,1,1,1,0,139,376,396,24.75364683
0,19,18,19,20,20,19,53,52,51,51,49,51,27,28,30,28,28,28,2,2,1,1,0,0,139,376,396,219.9840741
0,19,19,19,20,20,20,49,49,48,46,47,47,25,27,29,29,29,29,2,2,1,1,0,0,139,374,396,28.75924354
0,17,17,18,19,18,18,53,52,51,48,48,49,23,25,27,28,28,27,2,1,1,1,0,0,139,374,396,13.96986199
0,17,17,18,19,18,18,53,52,51,48,48,49,23,25,27,28,28,27,2,1,1,1,0,0,139,374,396,51.39562392
0,20,20,21,22,21,21,47,46,45,45,45,46,26,28,28,28,28,27,2,2,1,1,0,0,139,374,396,228.3187234
0,18,19,19,19,19,19,48,47,47,46,46,48,27,28,30,29,29,28,2,2,1,1,1,0,139,374,396,64.48771892
0,18,19,19,19,19,19,48,47,47,46,46,48,27,28,30,29,29,28,2,2,1,1,1,0,139,374,396,43.88679277
0,20,20,21,21,21,20,47,47,45,44,44,46,25,26,28,30,28,28,2,2,1,1,0,0,139,373,395,23.88117119
0,20,20,21,21,21,20,47,47,45,44,44,46,25,26,28,30,28,28,2,2,1,1,0,0,139,373,395,31.5514221
0,20,20,21,21,21,20,47,47,45,44,44,46,25,26,28,30,28,28,2,2,1,1,0,0,139,373,395,69.89965109
0,20,20,20,21,21,20,50,48,47,45,45,45,23,25,27,29,29,28,2,2,1,1,0,0,139,373,394,50.71300023
0,20,20,21,22,21,21,50,48,47,45,46,47,23,25,28,29,28,26,2,1,1,0,0,0,139,373,394,21.11708432
0,20,20,21,22,21,21,50,48,47,45,46,47,23,25,28,29,28,26,2,1,1,0,0,0,139,373,394,30.61931058
0,20,20,21,22,21,21,50,48,47,45,46,47,23,25,28,29,28,26,2,1,1,0,0,0,139,373,394,32.2296156
0,13,14,14,16,15,15,66,64,62,58,58,57,17,19,22,25,24,25,1,1,1,1,0,0,139,377,396,295.8993706
1,17,18,18,19,18,18,55,54,53,51,51,51,25,27,29,30,28,28,1,1,1,0,0,0,139,377,395,40.86614358
0,18,18,19,20,18,18,56,55,51,50,49,52,24,26,30,31,30,28,1,1,1,0,0,0,139,377,395,51.89347294
0,19,19,20,21,20,19,55,54,52,49,49,50,24,26,29,30,29,28,1,1,1,0,0,0,139,377,396,258.037756
0,19,19,21,22,21,21,54,51,51,50,48,48,25,28,29,29,29,28,2,1,1,0,0,0,139,376,396,500.6109949
0,20,21,22,22,21,21,52,50,50,48,46,48,27,30,30,30,30,29,2,2,1,1,0,0,139,376,396,104.1290404
1,18,18,18,19,19,19,52,52,51,49,48,49,22,24,27,27,27,28,2,1,1,1,0,0,139,375,396,9.585375554
0,21,21,21,22,21,21,48,47,45,44,44,46,23,25,27,28,29,27,2,1,1,0,0,0,139,373,393,59.86774138
1,21,21,21,22,22,21,45,45,43,42,43,45,27,28,29,30,30,29,2,2,1,0,0,0,139,373,393,8.544885083
0,13,13,14,14,15,15,62,61,61,58,57,57,22,23,23,26,25,24,1,1,1,0,0,0,140,378,393,29.02383168
0,15,15,15,16,16,16,59,59,57,54,52,53,23,24,26,28,28,27,1,1,1,1,0,0,140,378,395,167.1579567
0,13,13,14,15,15,16,68,67,66,64,62,62,19,20,21,22,21,20,1,1,1,1,0,0,140,377,395,115.7364875
0,20,21,21,22,22,22,53,51,50,48,48,49,26,28,30,31,30,30,2,1,1,0,0,0,140,375,395,235.2192618
0,20,20,21,21,21,20,53,51,49,48,46,48,26,28,30,31,31,30,2,1,1,0,0,0,139,375,395,502.1702209
0,19,19,20,20,20,20,51,51,49,47,47,48,26,26,27,29,28,28,2,2,1,1,0,0,139,375,395,621.2284379
0,21,21,21,21,21,22,51,50,48,46,47,48,24,26,29,28,28,28,2,1,1,1,0,0,139,373,393,15.70326498
0,15,15,15,16,16,16,62,60,60,58,57,58,21,22,24,25,24,22,1,1,1,1,0,0,140,378,393,142.7084349
0,12,13,14,15,14,15,67,67,67,65,61,61,18,18,18,22,22,22,1,1,1,1,0,0,140,377,395,215.2342017
0,14,14,14,15,16,16,68,68,66,64,60,60,18,18,20,22,22,21,1,1,1,1,0,0,140,377,394,166.8595357
0,14,14,14,15,15,15,64,64,61,59,58,60,19,19,22,22,21,21,1,1,1,0,0,0,140,377,394,50.20346992
0,17,18,18,19,19,19,55,55,53,51,51,52,22,24,27,28,27,26,1,1,1,1,0,0,140,377,394,607.4607439
0,16,17,18,19,18,17,53,52,50,48,48,49,24,26,28,29,28,27,1,1,1,1,0,0,140,374,393,6.106437461
0,16,16,17,18,17,16,52,51,49,47,48,48,23,26,28,30,29,28,1,1,1,1,0,0,140,374,393,70.61268628
0,16,16,17,18,17,16,52,51,49,47,48,48,23,26,28,30,29,28,1,1,1,1,0,0,140,374,393,59.1380481
0,16,16,16,17,17,17,60,59,58,57,56,57,20,22,24,26,24,24,2,1,1,1,0,0,140,378,392,347.4345644
0,13,13,13,14,14,15,64,63,62,61,60,61,19,20,21,21,20,20,1,1,1,1,0,0,140,378,392,690.3231188
0,16,16,17,17,17,17,61,60,59,58,57,59,21,22,23,24,24,22,1,1,1,0,0,0,140,377,394,1.254011441
1,18,18,19,19,19,19,59,57,56,54,54,55,22,24,25,27,25,24,1,1,1,0,0,0,140,377,394,10.89301289
0,17,16,17,18,17,17,56,55,55,54,54,56,22,24,24,24,24,23,1,1,1,0,0,0,140,377,394,259.7938311
0,17,18,18,19,19,19,52,51,48,47,48,49,25,27,30,31,30,29,2,2,1,0,0,0,140,375,394,268.9739489
0,12,12,13,14,14,14,67,66,65,62,62,62,19,20,21,24,22,21,1,1,1,0,0,0,141,378,392,1187.74209
0,15,15,16,17,17,17,63,62,60,59,58,59,20,21,23,22,22,20,1,1,1,1,0,0,140,378,393,470.1182129
0,18,18,19,19,19,18,57,56,55,54,54,55,20,23,23,24,23,22,1,1,1,1,0,0,140,377,394,711.3673199
1,16,16,17,17,17,17,58,57,56,54,54,55,20,22,24,26,24,23,1,1,1,1,0,0,141,377,393,192.655617
0,16,16,16,17,17,17,60,59,57,56,55,58,20,22,23,25,25,22,1,1,1,1,0,0,141,376,392,705.8203124
0,19,19,19,19,19,18,52,51,49,48,49,52,23,25,27,28,28,25,1,1,1,0,0,0,140,376,393,683.2831392
0,20,20,20,21,20,20,51,50,50,48,48,48,25,26,28,29,28,28,2,2,1,0,0,0,140,376,394,42.21001397
0,18,18,19,19,20,19,54,53,52,51,49,49,24,24,25,28,27,26,1,1,1,1,0,0,140,376,394,147.6170947
0,17,17,17,18,18,18,55,54,53,51,50,50,23,24,24,27,27,26,2,1,1,1,0,0,140,376,394,142.5670297
0,19,19,19,19,19,20,55,54,53,50,51,51,25,26,28,30,28,27,1,1,1,1,0,0,140,375,394,244.6040164
1,20,20,21,21,20,20,54,52,51,51,49,52,25,27,30,30,30,28,2,2,1,0,0,0,140,375,393,148.780208
0,20,20,20,20,20,20,51,51,48,47,48,49,26,27,31,31,30,28,2,1,1,0,0,0,140,375,393,156.0364227
0,20,20,20,20,20,20,51,51,48,47,48,49,26,27,31,31,30,28,2,1,1,0,0,0,140,375,393,153.3498508
0,18,19,20,21,20,19,54,54,53,52,51,53,25,26,28,28,28,26,2,2,1,0,0,0,140,375,394,547.6985217
0,18,18,19,19,19,19,57,57,55,56,54,56,23,24,27,26,27,25,2,2,1,0,0,0,140,375,394,351.9754591
0,14,14,14,15,15,14,63,62,61,59,58,59,17,18,19,21,21,20,1,1,1,1,0,0,141,378,392,729.3250717
0,17,18,18,19,19,18,59,57,57,55,54,54,22,23,24,26,26,26,2,1,1,0,0,0,141,377,393,131.6309448
0,18,18,18,19,18,18,56,54,53,51,50,52,23,25,27,29,28,27,2,1,1,0,0,0,141,377,393,86.02546792
0,19,19,19,20,20,20,56,55,53,53,53,53,25,26,29,28,27,27,1,1,1,0,0,0,141,377,392,734.0373852
0,17,17,17,18,18,17,60,59,56,56,54,55,20,21,24,24,24,22,1,1,1,1,0,0,140,376,393,1014.765633
0,15,15,16,17,16,16,62,60,57,56,55,57,18,20,23,24,23,22,1,1,1,1,0,0,140,375,394,551.1762641
0,12,12,13,14,15,16,63,64,61,58,58,60,18,18,21,23,23,22,2,1,1,1,0,0,140,387,404,8.363635303
0,13,13,14,15,16,16,69,69,67,65,63,63,16,17,18,20,22,21,1,1,1,1,0,0,140,388,406,259.0785091
0,11,11,12,13,14,15,71,70,66,63,60,61,15,16,20,22,25,23,1,1,1,0,0,0,140,387,408,220.8135817
0,11,11,12,13,15,15,70,69,67,64,60,62,14,15,18,21,23,21,1,1,1,1,0,0,140,388,407,38.50386442
0,12,12,12,13,16,15,70,70,69,66,65,65,13,15,17,19,20,19,1,1,1,1,0,0,140,389,407,208.7467034
0,11,12,12,14,15,15,71,71,69,66,64,65,14,14,17,20,21,20,1,1,1,1,0,0,140,389,407,414.3063272
0,13,13,14,15,16,16,67,66,64,61,60,61,17,19,21,24,24,23,1,1,1,1,0,0,140,389,407,243.7057316
0,12,12,13,14,16,15,70,70,68,65,63,63,15,15,19,22,23,22,1,1,1,1,0,0,140,389,407,518.950002
0,12,12,13,14,15,15,67,68,66,62,60,61,15,16,19,22,22,21,1,1,1,1,0,0,140,389,409,447.1028911
0,13,13,14,15,16,16,67,66,64,61,59,60,17,18,21,23,24,23,1,1,1,1,0,0,140,389,409,244.3258866
0,12,12,13,15,15,15,68,68,65,63,61,61,15,16,19,21,22,22,1,1,1,1,0,0,139,387,407,496.4650253
0,12,12,12,14,15,15,69,68,66,63,60,61,16,18,21,23,24,23,1,1,1,1,0,0,140,387,408,307.0319338
0,13,13,13,15,15,15,67,66,62,59,57,58,16,18,22,24,26,26,2,1,1,1,0,0,139,387,408,258.0638506
1,15,15,15,16,17,17,63,62,59,56,56,57,18,20,23,27,27,26,2,1,1,1,0,0,140,389,408,21.71158582
1,15,15,15,16,17,17,63,61,58,53,53,56,18,20,24,27,28,25,2,1,1,1,0,0,140,389,407,486.0648576
0,12,12,13,15,15,15,67,66,65,63,61,62,18,20,21,22,24,23,1,1,1,1,0,0,140,389,407,258.7159168
0,12,11,12,14,14,14,69,67,65,62,62,63,16,18,20,22,22,21,1,1,1,1,0,0,140,389,407,225.5124661
0,13,13,13,15,15,15,68,67,66,62,59,61,17,19,21,23,25,24,1,1,1,0,0,0,140,389,407,247.5115109
0,13,14,15,16,17,17,63,62,59,55,56,57,18,20,23,26,25,24,2,2,1,1,0,0,140,389,408,248.6166129
0,12,12,13,14,16,16,70,71,67,63,60,61,17,17,21,24,26,25,1,1,1,1,0,0,140,389,408,414.1996209
0,15,15,15,16,17,18,66,66,63,60,59,60,18,19,22,24,24,23,2,2,1,1,0,0,140,389,407,57.48160946
0,12,13,14,15,15,16,66,65,63,59,58,57,17,18,20,23,23,22,2,1,1,1,0,0,140,387,408,138.7717504
0,13,13,14,15,16,16,62,62,60,56,55,56,20,21,23,24,25,24,1,1,1,1,0,0,140,387,408,105.8360198
0,12,12,13,14,15,14,68,66,64,61,60,60,16,18,21,23,24,23,1,1,1,1,0,0,140,389,407,607.5848081
0,15,15,16,17,17,17,63,61,59,56,56,57,18,21,24,26,25,23,2,2,1,0,0,0,140,389,407,157.1438383
0,13,14,15,16,16,17,61,60,58,56,55,57,20,23,25,26,27,25,2,2,1,0,0,0,140,389,408,686.3119487
0,12,12,13,15,15,14,67,64,63,60,57,60,18,21,23,24,27,25,1,1,1,1,0,0,140,389,407,603.5747721
0,14,14,15,16,17,16,62,61,59,56,54,55,19,20,22,24,25,24,1,1,1,1,0,0,139,388,407,877.7000608
0,11,11,12,13,13,14,67,67,65,60,58,60,16,17,21,24,25,24,1,1,1,1,0,0,140,388,408,536.7913465
0,11,12,12,13,14,15,68,67,64,61,59,61,17,18,21,25,26,24,1,1,1,1,0,0,140,388,408,219.856484
0,12,12,13,14,14,14,68,67,64,62,60,61,15,17,21,22,23,23,2,1,1,1,0,0,140,389,408,897.9889732
0,11,11,12,13,14,15,67,66,65,61,59,59,18,18,20,25,25,24,1,1,1,1,0,0,140,389,408,236.9941285
0,12,12,13,14,15,15,68,69,66,62,61,61,16,17,20,23,24,22,2,1,1,0,0,0,140,389,407,229.026617
1,12,12,12,13,14,15,70,70,67,62,60,60,15,16,20,23,24,24,1,1,1,1,0,0,140,389,407,174.1664668
1,12,13,14,15,16,15,67,66,64,61,59,61,18,19,22,24,26,23,2,1,1,1,0,0,140,389,406,16.161616
0,14,14,15,16,17,17,61,60,58,55,56,57,20,22,24,27,26,24,2,2,1,0,0,0,140,390,406,545.3449527
0,14,14,15,16,17,17,66,65,62,61,60,61,18,20,23,23,23,22,2,1,1,1,0,0,140,389,406,22.11156282
0,15,15,15,17,17,17,62,61,59,57,57,59,19,22,23,25,25,23,2,2,1,1,1,0,141,390,407,38.82356003
0,14,14,15,16,17,16,60,57,55,52,52,54,21,24,26,29,29,27,2,2,1,0,0,0,140,390,407,57.51060707
0,16,16,17,18,19,18,61,59,57,54,55,55,20,23,26,28,27,27,2,2,1,1,0,0,140,388,407,358.7867467
0,12,12,13,14,15,16,62,61,59,56,56,56,19,22,24,26,25,24,2,2,1,1,0,0,139,388,407,441.811104
0,11,11,11,12,13,14,67,67,66,62,60,61,16,17,17,22,24,22,1,1,1,1,0,0,139,388,408,352.5146851
0,12,12,12,13,14,15,66,65,64,59,57,58,16,18,19,23,24,24,2,2,1,1,0,0,139,388,408,374.3322041
0,12,12,13,14,14,15,66,65,62,59,57,58,18,21,22,24,26,24,1,1,1,1,0,0,139,388,408,38.81888833
1,11,11,12,13,14,15,67,67,66,61,59,60,18,18,20,24,26,24,1,1,1,1,0,0,140,388,408,191.8875658
0,12,12,12,13,14,15,67,66,66,60,59,59,15,17,18,23,23,22,2,1,1,1,0,0,140,388,408,439.8232531
0,11,11,12,14,15,16,67,67,66,61,60,59,15,16,17,22,23,23,1,1,1,1,0,0,140,389,408,83.71165757
0,12,12,12,14,15,15,67,66,65,61,59,60,17,18,20,23,24,24,1,1,1,1,0,0,140,389,408,97.86881568
0,12,12,12,14,15,15,70,69,66,62,60,61,15,16,19,23,25,23,2,1,1,1,0,0,140,390,407,371.708828
0,10,11,11,13,14,14,69,68,66,62,60,61,14,16,20,22,23,23,1,1,1,1,0,0,140,389,408,22.28966174
1,12,12,13,14,15,16,71,70,67,64,62,62,16,17,20,22,23,22,2,2,1,1,0,0,140,390,407,132.9907626
0,11,11,12,13,14,14,72,71,68,63,63,65,13,15,18,22,22,21,1,1,1,1,0,0,140,390,409,64.12706092
0,12,12,13,14,15,15,67,66,64,62,60,62,18,19,22,24,24,23,2,1,1,1,0,0,140,389,406,293.2665388
0,11,12,12,13,15,15,72,71,67,65,63,65,14,15,19,22,23,21,2,1,1,1,0,0,140,389,407,532.4353851
0,14,15,15,16,17,17,59,58,58,55,55,56,22,24,25,28,27,26,2,2,1,1,1,0,140,389,406,198.2968247
1,16,16,16,17,18,17,58,57,56,53,53,55,24,26,27,28,28,27,2,2,1,1,0,0,141,390,407,197.4890739
0,18,18,19,19,20,18,58,56,54,51,53,55,22,23,26,27,26,25,2,2,1,1,0,0,140,389,408,196.2639361
0,16,16,16,17,18,17,58,57,56,52,52,54,22,25,25,28,28,26,2,2,1,1,0,0,141,390,408,274.2307691
0,17,18,18,19,20,19,56,56,54,51,50,52,23,24,27,30,30,29,2,2,1,1,1,0,141,390,404,624.4500363
0,11,12,12,13,13,15,67,65,62,61,58,58,17,20,22,23,25,24,1,1,1,1,0,0,139,388,408,393.154309
0,11,11,12,13,14,15,70,68,67,63,59,61,15,17,20,22,24,23,1,1,1,1,0,0,140,389,408,331.4674117
0,10,11,11,13,13,14,68,67,65,61,59,61,15,17,20,23,24,23,1,1,1,1,0,0,140,389,408,530.5664697
1,11,11,11,12,13,14,68,68,65,63,61,63,18,19,22,23,24,23,1,1,1,1,0,0,140,389,408,396.928273
0,14,14,15,16,16,16,60,60,58,57,55,55,22,24,26,27,27,27,2,1,1,0,0,0,140,390,408,6.456683624
0,15,15,15,16,17,16,61,60,58,57,56,58,22,23,25,26,27,25,1,1,1,1,1,0,140,389,408,529.7916966
0,16,16,17,18,18,17,58,56,56,54,53,55,23,25,25,26,28,25,2,2,1,1,0,0,140,390,408,87.84422576
0,13,14,14,16,17,16,64,62,61,58,56,57,19,21,23,25,27,26,2,1,1,1,0,0,140,390,408,43.72791431
1,12,12,14,15,15,15,66,65,61,58,56,57,19,22,25,28,29,27,1,1,1,1,0,0,140,388,406,641.4784143
0,11,11,11,13,14,15,68,68,65,62,61,62,18,19,22,24,24,24,1,1,1,1,0,0,140,389,408,227.4801883
0,11,11,11,12,13,15,69,68,66,63,60,61,16,18,20,23,23,23,1,1,1,1,0,0,140,390,408,122.0630796
1,11,11,13,14,14,14,67,67,64,61,60,61,16,17,21,23,22,22,1,1,1,1,0,0,140,390,408,87.17761991
0,12,12,12,14,14,15,67,66,63,60,59,60,16,18,21,24,24,23,2,1,1,1,0,0,140,390,409,316.0276372
0,11,12,13,14,15,15,67,66,65,61,60,61,16,17,20,23,23,22,1,1,1,1,0,0,140,390,407,217.7569837
1,12,12,12,14,14,15,67,66,64,61,61,62,17,19,21,22,23,22,2,1,1,1,0,0,140,390,409,737.5871624
0,13,13,13,15,15,16,64,63,61,59,58,60,19,21,23,25,26,23,2,1,1,1,1,0,140,390,409,342.1816383
1,14,14,15,16,17,17,63,62,60,57,56,58,19,22,24,27,27,25,2,2,1,1,0,0,140,390,409,444.632752
0,15,15,16,16,17,17,59,59,57,54,53,54,22,23,26,28,29,27,1,1,1,1,0,0,140,390,408,511.7705416
0,14,14,15,16,17,16,68,67,65,61,58,59,18,20,22,25,27,26,1,1,1,1,0,0,140,390,409,68.76005382
1,13,13,14,16,16,16,69,69,66,64,60,61,16,18,21,23,24,24,2,1,1,1,0,0,140,388,407,56.62063974
1,11,11,12,13,14,15,70,69,66,63,60,60,17,18,22,23,24,24,2,1,1,1,0,0,140,388,407,53.48769333
0,10,10,11,12,14,14,70,70,67,63,60,61,15,16,20,23,24,23,1,1,1,1,0,0,140,390,408,291.7311347
0,10,10,11,12,14,14,67,66,64,61,59,60,16,17,19,22,23,22,1,1,1,1,1,0,140,390,408,108.4119456
0,11,11,12,14,14,14,67,66,62,59,57,59,16,17,21,24,24,23,2,1,1,1,0,0,140,389,407,66.64611787
0,12,12,13,14,14,15,69,67,65,63,60,61,14,17,21,22,24,23,1,1,1,1,0,0,140,390,408,12.81491111
1,12,12,13,15,16,16,66,65,61,57,55,57,16,18,23,26,27,24,2,1,1,1,0,0,140,389,407,60.31453482
0,12,12,13,14,15,16,62,62,60,57,57,59,20,22,24,27,26,24,1,1,1,1,0,0,140,390,409,833.3750816
0,14,14,15,17,17,17,62,61,59,56,56,57,20,22,23,27,26,25,2,1,1,0,0,0,140,390,409,854.6295942
0,16,16,16,17,18,18,63,63,59,57,56,58,19,20,25,25,26,25,1,1,1,1,0,0,140,390,409,503.5237083
0,14,14,15,16,16,16,65,64,60,58,57,58,17,18,23,24,25,24,1,1,1,1,0,0,140,391,411,421.5096607
0,13,13,14,15,15,15,64,62,62,59,57,59,18,21,23,25,26,25,2,2,1,1,0,0,140,389,405,262.6509998
1,14,13,14,15,15,15,63,62,59,57,55,56,18,20,23,25,27,26,1,1,1,1,1,0,140,388,407,100.8125121
0,13,14,14,15,16,16,61,59,57,53,52,55,19,21,24,26,27,26,2,2,1,1,0,0,140,389,407,189.736797
0,11,11,12,13,14,14,69,67,65,62,62,64,17,19,22,23,24,22,1,1,1,1,0,0,140,390,410,293.9906412
1,11,11,12,13,13,13,69,68,66,62,61,63,16,19,20,23,23,21,2,1,1,1,0,0,140,390,410,3.302490482
0,14,14,15,16,16,16,63,62,60,58,58,59,19,22,24,26,26,24,2,1,1,1,0,0,140,390,410,9.685129651
0,13,13,14,16,16,16,64,62,59,57,56,58,17,19,22,24,25,24,1,1,1,1,0,0,140,390,411,12.99262265
0,13,13,14,15,16,16,62,60,58,56,55,56,21,23,26,27,28,27,2,2,1,1,0,0,140,389,407,57.88319899
0,15,15,15,16,16,17,58,57,55,51,51,51,23,24,25,29,29,29,2,1,1,1,0,0,140,389,409,184.1212738
0,11,11,12,13,14,14,65,63,61,57,57,58,18,20,22,25,25,24,2,1,1,1,0,0,140,390,410,14.78584382
0,14,14,15,15,16,16,64,63,60,57,56,57,19,22,24,27,26,25,2,1,1,0,0,0,140,390,411,575.5351759
