mesq_pres,b5_clayCont_100,b1_carbonCont_0,b2_carbonCont_10,b3_carbonCont_30,b4_carbonCont_60,b5_carbonCont_100,b6_carbonCont_200,ann_mean_temp,ann_precip,dist_road
0,24,1,1,1,0,0,0,160,410,324.939688
0,26,1,1,1,0,0,0,160,414,789.1793165
0,27,2,1,1,0,0,0,160,416,83.48466117
0,24,2,1,1,1,0,0,161,416,548.7403351
0,27,2,1,1,0,0,0,160,410,71.35943386
0,27,1,1,1,0,0,0,161,411,54.94957819
0,26,1,1,1,0,0,0,161,416,173.0927493
0,29,1,1,1,0,0,0,161,410,279.695782
1,28,2,2,1,1,0,0,161,410,699.8644934
0,29,1,1,1,0,0,0,161,410,838.7492308
0,27,2,1,1,1,0,0,161,414,70.3005162
1,25,2,2,1,1,0,0,161,416,172.0497313
0,23,2,1,1,1,0,0,161,416,244.4952063
0,26,2,2,1,1,0,0,161,410,745.0955916
1,26,2,2,1,1,0,0,161,410,123.9514797
1,24,2,1,1,1,0,0,161,410,130.1563362
0,23,2,1,1,1,0,0,161,410,240.6315722
0,28,2,1,1,1,0,0,162,410,65.0669594
0,26,2,1,1,1,0,0,161,410,378.5115664
0,27,2,1,1,1,0,0,161,410,247.6962038
0,24,2,1,1,1,0,0,161,410,235.8265458
0,23,1,1,1,0,0,0,161,410,174.6732235
0,24,1,1,1,1,0,0,161,412,1000.303161
0,24,1,1,1,1,0,0,161,412,1010.876818
1,22,1,1,1,1,0,0,161,412,895.8303605
0,24,1,1,1,1,0,0,161,413,884.5302001
0,25,1,1,1,1,0,0,161,413,932.8455612
0,23,1,1,1,1,0,0,161,414,78.73133982
0,22,1,1,1,1,0,0,161,414,111.7017396
0,24,2,2,1,1,0,0,161,409,826.7377666
0,31,2,2,1,1,0,0,162,410,104.836074
1,29,2,2,1,1,0,0,162,410,100.2096839
1,30,2,2,1,1,0,0,162,410,59.16906314
0,30,2,2,1,1,0,0,162,410,2.585323072
0,29,2,2,1,1,0,0,162,409,138.364188
0,30,2,2,1,1,0,0,162,409,23.9614572
0,29,2,2,1,1,1,0,162,410,121.1993475
1,26,2,1,1,1,0,0,162,410,434.3004063
0,26,2,2,1,1,0,0,162,410,441.5863599
0,27,2,1,1,0,0,0,162,409,525.7657783
0,27,1,1,1,0,0,0,162,409,749.6856015
0,24,1,1,1,0,0,0,162,410,117.544626
0,23,1,1,1,1,0,0,162,410,205.5018861
0,24,2,2,1,1,0,0,162,410,416.5486257
0,28,1,1,1,0,0,0,162,410,438.3427383
0,23,1,1,1,0,0,0,162,412,83.70130898
0,23,1,1,1,1,0,0,162,412,793.9732253
0,23,1,1,1,1,0,0,162,412,632.3939293
0,24,1,1,1,1,0,0,162,412,478.3309689
1,24,2,1,1,1,0,0,162,412,811.4585534
0,24,1,1,1,1,0,0,162,412,405.9646563
0,24,2,2,1,1,0,0,162,412,801.6455502
0,23,1,1,1,1,0,0,162,412,364.6952434
1,23,1,1,1,1,0,0,162,410,603.6767808
0,24,1,1,1,1,0,0,162,413,299.2696239
0,31,2,2,1,1,0,0,162,408,95.87121259
0,26,1,1,1,0,0,0,162,409,366.6492084
1,25,1,1,1,1,0,0,162,409,369.7135001
0,23,1,1,1,1,0,0,162,410,134.4334531
1,26,1,1,1,1,0,0,162,410,511.1499178
0,26,1,1,1,1,0,0,162,410,491.8790029
1,25,2,2,1,1,0,0,162,411,103.0008515
0,31,2,2,1,1,0,0,162,408,716.5029387
0,24,1,1,1,1,0,0,162,409,19.79467753
0,24,2,2,1,1,0,0,162,411,489.4018551
0,32,2,1,1,1,0,0,162,408,231.2397078
0,26,1,1,1,1,0,0,162,408,2.252062098
0,26,1,1,1,1,0,0,162,408,98.89415993
0,24,2,1,1,1,0,0,162,408,4.635165533
0,25,1,1,1,1,0,0,162,409,23.58592549
0,25,1,1,1,1,0,0,162,410,166.8890242
0,26,1,1,1,1,0,0,162,410,184.5390938
0,27,2,1,1,1,0,0,163,409,404.3511392
0,26,1,1,1,1,0,0,163,410,447.876553
0,23,1,1,1,1,1,0,163,410,452.8137381
0,26,1,1,1,1,1,0,163,410,580.2055668
0,28,1,1,1,1,0,0,163,410,688.2957072
0,28,1,1,1,1,0,0,163,410,663.2972779
0,23,2,2,1,1,0,0,162,411,1.190458154
0,23,1,1,1,1,0,0,163,411,86.98673132
0,25,1,1,1,1,0,0,163,411,76.83702397
0,26,1,1,1,0,0,0,162,411,37.47918047
1,26,1,1,1,1,0,0,162,411,107.6512101
0,25,1,1,1,1,0,0,163,411,146.759432
0,25,1,1,1,1,0,0,162,411,273.7576524
0,28,1,1,1,1,0,0,163,405,135.6220657
0,30,2,2,1,0,0,0,163,407,45.84961917
0,27,2,2,1,1,0,0,162,411,340.8227093
0,27,2,1,1,1,0,0,162,411,54.7414231
0,27,1,1,1,1,0,0,163,410,460.9502897
0,27,1,1,1,1,0,0,163,410,705.4699396
0,25,2,1,1,1,0,0,163,410,411.6962327
0,25,2,1,1,1,0,0,163,410,323.6945358
0,23,1,1,1,1,0,0,163,411,400.4821743
0,29,1,1,1,1,0,0,163,411,625.12692
0,24,2,1,1,1,0,0,163,411,174.9344424
0,26,2,1,1,1,1,0,163,411,110.8353823
0,25,1,1,1,1,0,0,163,406,14.26601995
0,25,2,1,1,1,0,0,163,411,370.4294081
0,28,2,2,1,0,0,0,141,426,656.3318238
0,25,1,1,1,0,0,0,141,427,523.8295656
0,29,2,1,1,1,0,0,141,427,2.669871345
0,31,2,2,1,1,0,0,141,428,99.54386501
0,30,2,2,1,1,1,0,141,428,391.9291383
0,27,2,1,1,1,0,0,141,428,208.5016656
1,27,2,1,1,1,0,0,141,428,97.8504821
1,27,2,1,1,1,0,0,141,428,115.1973626
0,28,1,1,1,0,0,0,141,430,6.99668733
0,29,2,2,1,0,0,0,141,433,73.80974967
0,30,2,2,1,1,0,0,141,427,224.7320228
0,31,2,2,1,0,0,0,141,427,453.4293784
0,30,2,1,1,0,0,0,141,428,67.32443449
0,31,2,2,1,1,0,0,141,428,225.0204437
0,28,2,1,1,1,0,0,141,428,454.3486448
0,29,2,2,1,1,0,0,141,428,343.9375486
0,32,2,2,1,1,0,0,141,433,404.087031
0,30,1,1,1,1,0,0,141,426,699.9181788
1,28,1,1,1,1,0,0,141,427,67.09794219
0,32,2,2,1,1,0,0,141,428,40.06595317
0,33,2,2,1,1,0,0,141,428,608.5132866
0,29,2,1,1,1,0,0,141,428,749.6726886
0,23,2,1,1,1,0,0,141,429,41.72801003
0,29,2,2,1,1,0,0,141,431,20.79763458
0,27,2,1,1,1,0,0,141,428,1594.761729
0,32,2,1,1,1,0,0,141,428,1557.92377
0,28,2,1,1,1,0,0,141,428,1639.50908
0,30,2,2,1,1,0,0,141,428,1371.381278
0,21,1,1,1,1,0,0,141,428,1287.844213
0,33,1,1,1,0,0,0,141,427,595.1588682
0,28,2,1,1,1,0,0,141,428,1003.79498
0,27,1,1,1,1,0,0,141,428,285.6437238
0,30,1,1,1,1,0,0,141,433,235.1188321
0,26,1,1,1,1,0,0,141,433,394.3690019
0,33,1,1,1,0,0,0,141,426,222.1186034
1,34,2,2,1,0,0,0,141,426,3.944898985
0,34,2,1,1,1,0,0,141,428,54.19383129
0,28,2,2,1,1,0,0,141,428,157.5292131
1,25,2,1,1,1,0,0,141,428,208.7436942
0,29,1,1,1,1,0,0,141,430,7.900000738
0,30,2,2,1,0,0,0,142,431,76.59632902
0,28,2,2,1,1,0,0,141,431,394.2988895
0,26,1,1,1,1,0,0,141,433,238.8552651
0,30,2,2,1,0,0,0,141,428,17.68258221
0,27,2,2,1,0,0,0,141,428,10.65607539
1,28,2,2,1,0,0,0,141,431,20.41786828
0,29,2,2,1,0,0,0,141,431,763.0996301
0,27,2,2,1,0,0,0,141,431,724.5461292
0,29,2,2,1,0,0,0,141,431,814.7459723
0,28,2,2,1,0,0,0,141,431,886.7897764
1,28,1,1,1,1,0,0,141,431,100.9200039
0,27,1,1,1,1,0,0,141,431,208.1209433
0,28,2,1,1,1,0,0,141,431,837.3065037
0,26,2,1,1,1,0,0,141,431,964.1355965
0,26,2,1,1,1,0,0,141,431,942.1951606
0,27,2,2,1,1,0,0,141,431,943.2978335
0,28,2,1,1,1,0,0,141,426,28.44560386
0,31,2,2,1,0,0,0,141,426,662.3049171
0,27,2,2,1,0,0,0,141,430,31.65865078
0,27,2,2,1,1,0,0,141,430,96.83196508
1,25,2,1,1,1,0,0,141,430,388.8399295
0,23,1,1,1,1,0,0,141,431,759.3305671
0,25,1,1,1,1,0,0,141,431,5.015962398
1,23,1,1,1,1,0,0,141,431,750.4999019
0,26,2,1,1,0,0,0,141,431,923.8891606
0,24,2,1,1,1,0,0,141,431,1167.893703
0,27,2,1,1,0,0,0,141,431,1277.783132
0,25,2,2,1,1,0,0,141,431,1310.123697
0,24,2,2,1,0,0,0,141,431,1195.350701
0,24,2,1,1,0,0,0,141,431,1255.67316
0,27,2,1,1,0,0,0,141,431,1230.130244
0,26,2,2,1,0,0,0,141,431,868.1649166
0,28,2,2,1,0,0,0,141,431,763.2151744
0,25,2,2,1,1,0,0,141,431,1116.823115
0,27,2,2,1,0,0,0,141,431,879.7853005
0,26,2,2,1,0,0,0,141,431,640.2486684
0,27,2,2,1,0,0,0,141,432,254.3340312
0,27,2,2,1,0,0,0,141,432,389.9271949
0,24,1,1,1,0,0,0,141,427,1364.963153
0,24,1,1,1,0,0,0,141,427,1588.059196
0,32,2,2,1,0,0,0,141,429,801.981364
0,28,2,2,1,0,0,0,141,430,99.51837006
0,25,1,1,1,1,0,0,141,430,372.962648
0,24,1,1,1,1,0,0,141,431,350.2388048
0,27,2,2,1,0,0,0,141,431,516.7232325
0,27,2,2,1,0,0,0,141,431,433.0620935
0,31,1,1,1,0,0,0,141,431,32.57548411
0,22,1,1,1,0,0,0,141,426,2629.898985
0,24,2,1,1,1,0,0,141,428,1318.914475
0,24,2,1,1,0,0,0,141,430,805.8979332
0,24,2,1,1,0,0,0,141,430,388.6001296
0,24,2,1,1,0,0,0,141,430,306.5520419
0,24,2,1,1,0,0,0,141,430,298.2891542
0,22,2,1,1,1,0,0,141,430,522.8829709
0,23,2,1,1,1,0,0,141,430,252.9586428
0,21,2,1,1,0,0,0,141,431,594.4432671
0,24,2,1,1,1,0,0,141,431,494.1796063
0,21,1,1,1,1,0,0,141,431,693.6043519
0,24,1,1,1,0,0,0,141,431,464.6245288
0,26,2,1,1,0,0,0,144,371,1017.157501
0,26,2,1,1,0,0,0,144,373,312.4640486
0,24,1,1,1,0,0,0,144,373,134.6415011
0,26,2,1,1,0,0,0,143,375,477.5393654
0,28,1,1,1,0,0,0,143,375,212.1136958
0,30,2,1,1,0,0,0,143,376,17.3481004
0,28,1,1,1,0,0,0,143,379,60.98851096
0,27,1,1,1,0,0,0,143,378,125.5759077
0,21,2,2,1,1,0,0,142,381,515.5896852
0,27,2,1,1,0,0,0,144,371,324.1618463
0,23,1,1,1,0,0,0,144,373,275.0917331
1,26,1,1,1,1,0,0,143,374,51.79572023
0,24,1,1,1,0,0,0,143,375,423.0536114
0,25,1,1,1,0,0,0,143,376,277.3293671
0,26,1,1,1,0,0,0,143,378,304.8668749
0,29,1,1,1,0,0,0,143,378,36.53792493
0,28,2,1,1,1,0,0,143,379,199.8342329
0,28,1,1,1,0,0,0,143,379,1028.505919
1,27,2,2,1,0,0,0,144,371,90.82217305
0,27,2,1,1,0,0,0,144,371,355.2179086
0,25,1,1,1,0,0,0,144,373,116.8828833
0,28,1,1,1,1,0,0,144,373,39.30285384
0,27,1,1,1,1,0,0,144,374,210.7073417
0,26,1,1,1,0,0,0,144,373,46.52464677
0,26,1,1,1,0,0,0,143,376,27.66688807
0,27,1,1,1,0,0,0,143,376,335.1805858
0,26,1,1,1,0,0,0,143,376,430.0086368
0,29,1,1,1,0,0,0,143,376,275.3906058
0,27,1,1,1,1,0,0,143,379,38.43698671
0,27,1,1,1,0,0,0,143,379,277.5958522
0,23,1,1,1,0,0,0,142,381,437.5402434
0,27,2,2,1,0,0,0,144,369,7.733363665
0,23,1,1,1,0,0,0,144,372,410.7790967
0,26,1,1,1,0,0,0,144,371,341.9429707
0,24,1,1,1,0,0,0,144,372,287.3660846
0,26,1,1,1,0,0,0,144,373,82.10685058
0,25,1,1,1,0,0,0,144,374,996.3255242
0,27,1,1,1,0,0,0,143,374,692.8366206
0,25,1,1,1,0,0,0,143,374,968.4746191
0,26,1,1,1,0,0,0,143,376,214.7244047
0,29,1,1,1,0,0,0,143,376,123.6174184
0,28,1,1,1,1,0,0,143,376,546.5385877
0,27,1,1,1,1,0,0,143,378,730.4532304
0,27,1,1,1,1,0,0,143,378,699.2369235
0,22,2,2,1,1,0,0,143,380,1494.779278
0,22,2,2,1,1,0,0,143,380,1427.294575
1,24,2,1,1,0,0,0,144,369,227.1773882
0,22,1,1,1,0,0,0,144,372,328.7310511
0,23,1,1,1,0,0,0,144,373,146.4989758
0,26,1,1,1,0,0,0,144,373,198.6625133
0,26,1,1,1,0,0,0,144,374,372.7793217
0,28,1,1,1,1,0,0,144,374,227.2370021
0,29,1,1,1,1,0,0,144,374,231.9956724
0,29,1,1,1,1,0,0,143,376,443.7191069
1,28,2,1,1,1,0,0,143,379,1656.912144
0,25,2,1,1,1,0,0,143,379,1686.480129
1,27,1,1,1,1,0,0,143,378,1672.51788
0,21,2,2,1,1,1,0,143,380,706.8454335
0,24,2,1,1,0,0,0,144,368,13.81694852
1,23,2,2,1,0,0,0,144,369,344.2866323
1,21,1,1,1,0,0,0,144,373,873.0130492
0,29,1,1,1,1,0,0,144,374,335.4667323
0,28,1,1,1,1,0,0,144,374,10.64200865
0,30,1,1,1,0,0,0,143,374,1082.856921
0,30,1,1,1,1,0,0,143,376,1168.892134
0,28,1,1,1,1,0,0,143,377,1390.402681
0,28,1,1,1,1,0,0,143,377,2078.009969
0,24,2,1,1,1,0,0,143,378,1981.860527
1,22,2,2,1,1,0,0,143,379,2006.813502
0,25,2,1,1,0,0,0,145,368,597.9491954
0,25,2,2,1,0,0,0,144,369,141.0103301
0,26,2,1,1,0,0,0,144,371,1.589199391
0,28,1,1,1,0,0,0,144,374,544.8978275
1,27,2,1,1,0,0,0,144,374,115.3154951
0,26,2,1,1,0,0,0,144,374,506.5835067
0,26,1,1,1,0,0,0,143,377,1695.574391
0,27,2,1,1,0,0,0,143,377,1359.123127
0,24,2,2,1,1,1,0,143,380,1726.579953
0,22,2,2,1,1,0,0,143,380,1226.643327
0,26,2,2,1,1,0,0,143,380,1100.499228
0,20,2,2,1,1,0,0,142,380,763.714537
0,27,2,2,1,0,0,0,144,370,122.9448806
0,24,2,2,1,0,0,0,144,373,307.5814549
0,29,2,2,1,0,0,0,144,374,246.0501665
1,27,2,1,1,0,0,0,143,374,369.7829802
0,25,1,1,1,0,0,0,144,375,552.7046241
0,24,2,2,1,1,1,0,143,379,727.5480036
0,25,2,2,1,1,1,0,143,380,568.1192571
0,25,2,2,1,1,0,0,143,380,437.1796497
0,29,2,2,1,0,0,0,146,368,244.0864503
0,26,2,2,1,1,0,0,145,368,203.2815172
0,30,1,1,1,0,0,0,144,370,418.1044429
1,28,1,1,1,0,0,0,145,372,294.4139368
0,27,1,1,1,1,0,0,144,375,17.97796265
0,23,2,2,1,1,0,0,143,379,279.0142553
0,26,2,1,1,0,0,0,145,369,207.9942144
0,27,2,2,1,1,0,0,145,369,530.6930097
1,29,2,1,1,0,0,0,144,370,674.3528857
0,29,1,1,1,1,0,0,145,372,371.5320427
0,26,2,2,1,1,0,0,143,375,36.53992765
0,23,2,1,1,0,0,0,144,384,241.3265035
0,20,1,1,1,0,0,0,144,384,440.1901958
0,22,1,1,1,0,0,0,144,383,640.9979747
0,22,1,1,1,0,0,0,144,383,834.7860626
0,24,1,1,1,0,0,0,144,384,1127.197596
0,26,1,1,1,0,0,0,144,387,1262.2507
0,22,1,1,1,0,0,0,143,387,463.7273853
0,22,1,1,1,0,0,0,143,388,687.8817469
0,23,1,1,1,0,0,0,143,388,872.2199708
0,24,1,1,1,0,0,0,143,389,1058.437161
0,22,1,1,1,0,0,0,144,384,969.0923198
0,23,2,1,1,0,0,0,144,384,1497.706211
0,24,1,1,1,0,0,0,144,385,1851.887292
0,27,2,1,1,0,0,0,144,385,1987.230643
0,27,1,1,1,0,0,0,144,387,1454.344908
0,26,1,1,1,0,0,0,144,387,1374.899416
0,23,1,1,1,0,0,0,144,387,1583.552352
1,24,1,1,1,0,0,0,143,389,1719.464447
0,24,1,1,1,0,0,0,143,389,1894.450535
1,22,1,1,1,0,0,0,144,388,1956.073427
0,22,1,1,1,0,0,0,143,389,2029.603222
1,26,1,1,1,0,0,0,143,389,2281.339074
0,20,2,1,1,1,0,0,144,384,144.3402705
0,26,2,1,1,0,0,0,144,386,1772.244549
0,24,1,1,1,0,0,0,144,386,1478.370284
0,25,1,1,1,0,0,0,144,388,1600.266927
0,21,2,1,1,1,0,0,144,388,556.751556
0,24,1,1,1,1,0,0,144,387,1350.076417
1,23,2,1,1,0,0,0,144,389,2423.240528
0,24,2,1,1,0,0,0,144,389,2003.044814
0,26,1,1,1,0,0,0,144,389,1822.508553
0,25,1,1,1,0,0,0,144,389,1715.857367
0,23,2,1,1,1,0,0,144,384,104.3654566
1,27,2,2,1,0,0,0,144,384,550.9479881
0,24,1,1,1,0,0,0,144,385,1122.11582
0,21,1,1,1,1,0,0,144,385,766.266614
0,22,1,1,1,1,0,0,144,388,571.9770704
0,21,1,1,1,1,0,0,144,388,1358.504943
0,23,2,1,1,1,0,0,144,388,1064.661782
0,25,2,1,1,1,0,0,144,390,1000.581666
0,24,1,1,1,0,0,0,144,389,1737.507739
0,21,2,1,1,1,0,0,144,383,8.544913579
1,22,2,1,1,1,0,0,144,384,94.55028007
0,23,2,2,1,1,1,0,144,387,18.03801187
0,26,1,1,1,1,0,0,144,388,445.1641398
0,23,2,1,1,1,0,0,144,390,371.2656568
0,24,2,2,2,2,1,1,144,390,359.5398044
0,23,2,1,1,1,0,0,144,390,283.1766971
0,24,2,2,1,1,1,0,144,390,12.21902442
0,19,2,1,1,1,0,0,144,390,7.623479605
0,23,1,1,1,1,0,0,144,390,1155.286814
1,22,1,1,1,1,0,0,144,384,539.5542912
0,24,2,1,1,1,0,0,144,386,275.2817237
0,26,2,1,1,1,0,0,144,389,340.8460533
0,23,1,1,1,1,1,0,144,390,587.144868
1,23,2,1,1,1,1,0,144,390,22.24880694
1,23,2,1,1,1,1,0,144,390,35.61310913
0,25,2,2,1,1,1,0,144,387,285.9511781
0,25,1,1,1,1,1,0,144,389,118.7822662
0,29,2,1,1,1,0,0,144,389,33.84043293
0,25,1,1,1,1,1,0,144,388,5.308620683
0,27,2,1,1,1,0,0,144,389,109.4648486
1,23,2,2,1,1,0,0,144,389,32.59293279
0,23,2,2,1,1,0,0,144,389,35.12654146
0,27,2,1,1,0,0,0,144,389,285.7335738
0,26,1,1,1,0,0,0,144,391,7.955165047
0,24,1,1,1,1,1,0,144,391,14.80169474
0,24,1,1,1,1,1,0,144,391,5.920019297
0,23,2,1,1,1,1,0,144,386,608.49754
0,22,2,1,1,1,0,0,144,386,961.5738359
0,24,2,1,1,1,1,0,144,387,1351.123616
0,25,2,1,1,1,0,0,144,389,52.44582076
0,28,2,2,1,1,0,0,144,389,273.4715417
0,26,2,1,1,1,0,0,144,391,3.293521509
0,26,2,1,1,1,0,0,144,391,16.09964093
0,23,2,1,1,1,1,0,144,392,6.125048491
0,24,2,2,1,1,0,0,144,392,27.56913733
0,22,2,1,1,1,1,0,144,392,240.0856808
0,21,2,1,1,1,1,0,144,387,963.7311836
0,26,2,2,1,1,0,0,144,387,239.568075
1,25,2,2,1,1,0,0,144,389,630.9750085
0,27,2,2,1,1,0,0,144,389,444.7219347
1,22,1,1,1,0,0,0,144,389,5.982411443
0,26,2,2,1,1,0,0,144,389,32.63671705
1,27,2,2,1,1,0,0,144,389,134.6591952
0,26,2,2,1,0,0,0,144,390,665.8558555
0,29,2,2,1,0,0,0,144,390,683.1208122
0,31,2,2,1,0,0,0,144,390,386.3146554
0,22,2,1,1,1,1,0,144,392,307.2891198
0,26,2,1,1,0,0,0,143,388,344.2059263
0,28,1,1,1,0,0,0,144,388,57.28152711
1,29,2,2,1,0,0,0,144,389,158.3938328
0,30,2,1,1,0,0,0,144,389,20.15902911
0,29,2,2,1,0,0,0,144,389,44.64087379
0,26,1,1,1,1,0,0,144,389,88.62692155
0,25,2,1,1,0,0,0,145,389,111.7080388
0,25,2,1,1,0,0,0,145,389,95.66828202
1,26,1,1,1,1,0,0,145,389,4.383283524
0,27,1,1,1,1,0,0,145,390,378.3038853
0,20,1,1,1,1,0,0,141,422,1526.266153
0,19,1,1,1,0,0,0,141,423,326.3515229
1,20,1,1,1,1,0,0,141,422,244.1868118
0,20,1,1,1,0,0,0,141,423,525.7191756
1,21,1,1,1,0,0,0,141,423,552.8182527
0,21,1,1,1,0,0,0,141,423,851.2789287
0,26,2,2,1,1,0,0,141,421,2132.173788
0,26,2,1,1,1,0,0,141,421,2397.653413
0,21,1,1,1,1,0,0,141,422,68.35063906
0,21,1,1,1,0,0,0,141,423,575.84241
0,22,1,1,1,0,0,0,141,422,1097.664578
1,21,1,1,1,0,0,0,141,422,793.1538884
0,21,1,1,1,0,0,0,141,422,1062.910046
0,20,1,1,1,0,0,0,141,422,636.0039806
0,20,1,1,1,0,0,0,141,420,2951.126773
0,19,1,1,1,1,0,0,141,421,3229.259395
0,19,1,1,1,1,0,0,141,421,3356.879504
0,20,1,1,1,1,0,0,141,422,2513.686221
0,20,2,1,1,1,0,0,141,421,1962.278147
1,19,1,1,1,1,0,0,141,422,20.47478744
0,20,1,1,1,0,0,0,141,422,291.7088904
0,20,1,1,1,0,0,0,141,423,336.7545377
1,20,2,1,1,0,0,0,141,422,441.5826473
0,22,1,1,1,0,0,0,141,423,21.21225452
0,20,1,1,1,0,0,0,141,424,619.5202459
1,22,2,1,1,0,0,0,141,424,276.9111346
0,22,2,1,1,1,0,0,141,421,2754.895297
0,21,2,1,1,1,0,0,141,422,2315.680637
1,22,2,1,1,1,0,0,141,422,2242.971922
1,21,1,1,1,1,0,0,141,422,1409.321785
0,21,1,1,1,1,0,0,141,422,1430.209854
1,21,2,1,1,1,0,0,141,423,832.4015115
0,22,1,1,1,0,0,0,141,422,100.2812671
1,23,1,1,1,0,0,0,141,422,262.0997271
1,22,1,1,1,1,0,0,141,423,398.7612433
0,22,2,1,1,0,0,0,141,423,540.7522682
0,22,1,1,1,1,1,0,141,424,328.1034463
0,20,1,1,1,1,0,0,141,424,506.5832584
0,18,1,1,1,0,0,0,141,425,521.7711168
0,22,1,1,1,1,0,0,141,421,2977.177662
1,21,1,1,1,1,0,0,141,422,2317.456798
0,20,1,1,1,0,0,0,141,422,1556.967564
0,19,1,1,1,0,0,0,141,424,397.3177471
1,20,1,1,1,0,0,0,141,424,221.0027361
1,20,1,1,1,0,0,0,141,424,315.0678035
0,20,1,1,1,0,0,0,141,425,271.8848564
0,22,1,1,1,1,0,0,141,425,457.3580526
0,22,1,1,1,1,0,0,141,425,1159.84592
0,21,1,1,1,1,0,0,141,425,1102.700033
0,25,1,1,1,1,0,0,141,425,388.9156491
0,25,2,2,1,1,0,0,141,421,1578.270042
0,22,2,2,1,1,0,0,141,421,2572.543554
1,26,1,1,1,0,0,0,141,422,2225.640816
1,19,1,1,1,1,0,0,141,422,1348.728497
1,22,2,1,1,1,0,0,141,422,1713.394266
1,25,2,1,1,0,0,0,141,422,1888.168279
1,23,1,1,1,1,0,0,141,422,1309.960992
1,27,1,1,1,0,0,0,141,422,1778.11087
0,21,1,1,1,0,0,0,141,424,757.5525364
1,21,1,1,1,1,0,0,141,424,1014.623592
1,20,1,1,1,0,0,0,141,425,176.9515914
0,21,1,1,1,0,0,0,141,425,177.7799843
1,19,1,1,1,0,0,0,141,425,354.4199073
1,20,1,1,1,0,0,0,141,425,588.7230084
0,20,1,1,1,0,0,0,141,425,1139.176332
1,22,1,1,1,0,0,0,141,425,1433.873436
0,18,1,1,1,0,0,0,141,425,937.6569064
1,21,1,1,1,0,0,0,141,425,985.0260945
0,23,1,1,1,1,0,0,141,425,1086.95577
1,20,1,1,1,1,0,0,141,425,1289.964032
1,25,1,1,1,1,0,0,141,425,859.7328501
0,20,1,1,1,0,0,0,141,425,1331.0268
0,21,2,1,1,1,0,0,141,424,998.9773358
1,23,1,1,1,1,0,0,141,424,619.1767286
1,23,1,1,1,1,0,0,141,424,723.4885438
1,20,1,1,1,0,0,0,141,425,191.547888
0,21,1,1,1,0,0,0,141,425,263.6000196
0,19,1,1,1,0,0,0,141,425,670.6746199
1,19,1,1,1,0,0,0,141,425,331.2726774
1,23,1,1,1,0,0,0,141,425,1023.76194
1,23,1,1,1,0,0,0,141,425,846.6949456
0,21,1,1,1,0,0,0,141,425,437.9582943
1,21,1,1,1,0,0,0,141,425,402.6131531
0,20,1,1,1,0,0,0,141,425,627.0397615
1,21,1,1,1,0,0,0,141,425,1601.848481
1,22,1,1,1,0,0,0,141,424,1046.318257
0,22,1,1,1,0,0,0,141,425,1015.944802
0,23,2,1,1,0,0,0,141,425,380.3561817
0,20,1,1,1,1,0,0,141,425,88.06377098
0,20,1,1,1,0,0,0,141,424,399.6289331
0,25,1,1,1,1,0,0,142,423,1589.974234
0,26,2,2,1,1,0,0,141,425,147.7346567
1,26,2,2,1,1,0,0,141,425,5.54345055
1,25,2,1,1,0,0,0,141,425,977.2604437
0,25,2,1,1,0,0,0,141,425,423.4056742
1,25,1,1,1,1,0,0,141,425,682.1787498
0,25,2,2,1,0,0,0,141,425,80.38627955
1,20,1,1,1,0,0,0,141,425,385.5095603
0,28,2,1,1,1,0,0,142,424,59.27849286
1,24,2,1,1,1,0,0,141,425,795.2925791
0,22,1,1,1,1,0,0,144,456,68.51379268
0,22,2,1,1,1,0,0,145,457,27.91898916
0,22,1,1,1,1,1,0,145,458,101.3874211
1,21,2,1,1,1,0,0,145,458,109.6669815
0,25,1,1,1,1,0,0,145,458,149.6382276
0,28,1,1,1,1,0,0,145,458,177.6988871
0,22,1,1,1,1,0,0,146,459,14.54722559
0,24,2,1,1,1,1,0,145,456,870.6144052
0,22,1,1,1,1,0,0,145,458,270.729856
0,21,1,1,1,1,0,0,145,458,103.1886659
0,24,1,1,1,1,0,0,145,458,74.62291256
0,28,2,2,1,0,0,0,146,457,82.51628986
0,23,1,1,1,1,0,0,146,459,87.58046804
1,25,1,1,1,0,0,0,145,455,1079.455681
0,26,2,1,1,0,0,0,145,455,1000.374779
0,21,2,1,1,1,0,0,145,457,78.30780824
0,20,1,1,1,1,0,0,145,457,123.3595124
0,21,2,1,1,1,1,0,145,457,44.83798427
1,23,1,1,1,1,0,0,146,458,456.4739124
0,22,1,1,1,1,0,0,146,459,146.6564083
0,22,1,1,1,0,0,0,145,455,1981.835446
0,20,1,1,1,1,0,0,145,455,1703.522724
0,19,1,1,1,1,0,0,145,455,1349.293716
0,18,2,1,1,1,0,0,145,456,83.60762394
0,22,2,2,1,1,1,0,145,457,111.7278174
0,21,2,1,1,1,0,0,146,456,339.8419153
0,22,1,1,1,1,0,0,146,457,883.4957557
1,24,1,1,1,0,0,0,146,459,787.8243671
0,24,1,1,1,0,0,0,146,459,975.3446977
0,25,2,1,1,0,0,0,146,459,80.6626457
0,19,1,1,1,1,0,0,145,455,974.8154403
0,21,1,1,1,1,0,0,145,456,820.0928213
0,22,2,1,1,1,0,0,146,455,374.6140104
0,21,1,1,1,1,0,0,146,456,535.6561082
0,23,1,1,1,1,0,0,146,455,277.0782874
0,21,1,1,1,1,0,0,146,458,440.5278527
0,23,1,1,1,0,0,0,146,458,677.9547527
0,21,1,1,1,0,0,0,146,459,504.7010268
0,23,1,1,1,1,1,0,146,459,90.52150957
0,19,1,1,1,1,0,0,145,455,609.377291
0,19,1,1,1,1,0,0,145,455,544.0701397
0,23,2,1,1,1,0,0,145,455,628.302412
0,20,2,2,1,1,0,0,145,454,21.60845313
0,20,2,1,1,1,0,0,146,455,21.48970771
0,20,1,1,1,1,0,0,146,456,619.1420482
0,20,1,1,1,1,0,0,146,456,895.6834567
0,19,1,1,1,1,0,0,146,456,1045.274384
0,20,1,1,1,1,0,0,146,459,775.6386298
0,21,1,1,1,1,0,0,146,457,1153.379036
0,20,1,1,1,1,0,0,146,459,431.5544768
0,20,1,1,1,1,0,0,146,459,785.0935623
0,24,1,1,1,1,0,0,146,459,486.1251337
0,23,1,1,1,1,0,0,146,458,507.1837323
0,21,1,1,1,1,0,0,146,460,926.925526
0,21,2,1,1,1,0,0,145,455,418.0963762
0,19,2,1,1,1,0,0,145,454,877.7981124
0,21,1,1,1,1,0,0,146,455,313.1266601
0,19,1,1,1,1,0,0,145,454,118.6095408
0,19,1,1,1,1,0,0,146,456,734.6951753
0,17,1,1,1,1,0,0,146,455,62.60455051
0,19,1,1,1,1,0,0,146,455,388.5938182
0,19,2,1,1,1,0,0,146,456,1040.992803
0,19,1,1,1,1,0,0,146,456,961.2848619
0,19,1,1,1,1,0,0,146,456,1035.487988
0,20,1,1,1,1,0,0,146,457,1371.778091
0,21,2,1,1,1,0,0,146,458,633.4542373
0,19,2,1,1,1,0,0,146,457,953.3940025
1,21,2,1,1,0,0,0,146,459,279.2050452
0,21,1,1,1,1,0,0,145,454,1380.168087
0,21,1,1,1,1,0,0,145,454,2.27623052
0,19,2,1,1,1,0,0,145,454,325.8012716
0,18,2,1,1,1,0,0,146,455,661.6071341
0,21,1,1,1,1,0,0,146,455,416.1475896
0,20,2,1,1,1,0,0,146,456,414.1972136
0,20,1,1,1,1,0,0,146,455,208.4662852
0,18,1,1,1,1,0,0,146,455,346.7217494
0,18,1,1,1,1,0,0,146,457,825.5151908
0,19,2,2,1,1,0,0,146,458,1280.803059
0,19,2,1,1,1,0,0,146,458,582.213041
0,19,1,1,1,1,0,0,146,458,57.93043576
0,19,1,1,1,1,0,0,145,454,848.3319305
0,18,1,1,1,1,0,0,145,454,254.890885
0,19,1,1,1,1,0,0,145,454,590.9205532
0,19,1,1,1,1,0,0,146,454,1250.768812
0,19,1,1,1,1,0,0,146,455,1713.627113
0,20,1,1,1,1,0,0,146,455,1551.236808
0,20,1,1,1,1,0,0,146,455,0.977629944
0,18,1,1,1,1,0,0,146,457,653.2365288
0,17,1,1,1,1,0,0,146,457,1172.532489
0,18,2,2,1,1,0,0,146,458,1200.580633
0,17,2,2,1,1,0,0,146,458,775.1236377
0,22,1,1,1,1,1,0,146,457,351.8746967
0,19,1,1,1,1,0,0,147,457,38.06510274
0,19,1,1,1,1,0,0,145,454,114.1977118
0,20,1,1,1,1,0,0,146,454,1206.251001
0,20,1,1,1,1,0,0,146,455,1870.94306
0,19,1,1,1,1,0,0,146,456,1001.933949
0,20,1,1,1,1,0,0,146,457,140.4522642
0,21,1,1,1,0,0,0,146,456,76.16472414
0,19,2,1,1,1,0,0,147,457,247.0735701
0,20,1,1,1,1,0,0,143,367,173.8388931
0,23,1,1,1,1,0,0,143,370,877.1947112
0,22,1,1,1,0,0,0,142,373,660.3970667
1,24,1,1,1,1,0,0,142,374,929.4820099
0,22,1,1,1,1,0,0,141,374,28.8628072
0,24,1,1,1,0,0,0,142,374,409.052519
0,24,2,1,1,1,0,0,142,375,157.7169153
0,21,1,1,1,1,0,0,142,371,654.3562303
0,22,1,1,1,0,0,0,141,374,647.6696772
1,23,1,1,1,1,0,0,141,375,104.247469
1,24,1,1,1,0,0,0,141,375,455.812347
0,22,1,1,1,1,0,0,141,375,413.3257948
0,22,1,1,1,1,0,0,142,374,30.86565512
1,23,1,1,1,1,0,0,142,373,54.23821376
0,22,1,1,1,1,0,0,142,373,275.2714416
1,23,1,1,1,1,0,0,142,373,231.1278549
1,23,2,1,1,1,0,0,142,374,124.6561524
0,22,1,1,1,1,0,0,142,375,47.57489391
0,23,2,1,1,0,0,0,142,370,693.0588041
0,22,1,1,1,0,0,0,141,374,348.8872879
0,22,1,1,1,0,0,0,141,375,561.5987735
0,19,1,1,1,1,0,0,141,375,498.4325216
1,19,1,1,1,1,0,0,141,375,441.1889309
0,19,1,1,1,1,0,0,142,374,395.0101456
1,23,1,1,1,1,0,0,142,374,338.6825788
1,24,2,1,1,1,0,0,141,377,335.7823251
0,25,2,1,1,1,0,0,141,377,250.083351
0,23,1,1,1,0,0,0,142,371,900.0997201
0,24,2,1,1,0,0,0,142,371,571.503962
0,22,1,1,1,0,0,0,141,374,341.1151268
0,21,1,1,1,0,0,0,141,375,391.11101
0,19,1,1,1,0,0,0,141,374,53.39661945
0,20,1,1,1,1,0,0,141,375,477.4933215
1,23,2,1,1,1,0,0,141,375,24.88343499
1,23,2,1,1,1,0,0,141,375,91.36062729
1,22,1,1,1,1,0,0,141,375,103.6434976
1,21,1,1,1,1,0,0,141,375,16.34867017
1,23,2,1,1,1,0,0,141,377,415.685581
1,25,2,1,1,1,0,0,141,375,285.9717665
0,24,2,1,1,0,0,0,141,376,105.0978478
0,24,1,1,1,0,0,0,141,371,314.4878972
0,22,2,1,1,0,0,0,141,372,17.06540838
0,23,1,1,1,0,0,0,141,371,20.81246371
0,22,1,1,1,0,0,0,141,374,149.0376103
0,21,1,1,1,1,0,0,141,374,450.3537801
0,23,1,1,1,1,0,0,141,374,200.5205774
0,22,1,1,1,0,0,0,141,374,504.9828051
1,23,1,1,1,0,0,0,141,375,743.9035956
1,22,1,1,1,1,0,0,141,376,261.8203272
0,22,1,1,1,0,0,0,140,377,343.6724382
1,22,2,1,1,1,0,0,141,378,194.6285433
1,24,2,2,1,0,0,0,140,379,420.510525
1,22,1,1,1,0,0,0,141,372,139.1985438
0,24,1,1,1,0,0,0,141,373,318.0824762
0,22,2,1,1,0,0,0,141,374,373.8365105
0,23,1,1,1,0,0,0,140,376,5.864012149
1,24,1,1,1,1,0,0,140,376,85.64944168
0,22,1,1,1,1,0,0,141,374,589.795478
1,24,1,1,1,0,0,0,140,377,157.9402756
0,28,2,1,1,0,0,0,141,376,749.165252
0,26,1,1,1,1,0,0,140,378,689.6551989
0,23,1,1,1,1,0,0,140,380,342.9376504
1,23,2,1,1,1,0,0,141,378,52.05331973
1,23,2,2,1,1,0,0,140,381,103.1336612
1,21,1,1,1,0,0,0,141,375,147.791993
0,23,2,1,1,0,0,0,140,375,627.440415
0,26,2,1,1,0,0,0,140,375,186.7497789
0,24,1,1,1,0,0,0,140,376,198.0862779
1,23,1,1,1,0,0,0,140,377,274.8127762
0,26,2,2,1,0,0,0,140,377,10.84294894
0,27,1,1,1,0,0,0,140,379,489.8770155
1,26,1,1,1,0,0,0,140,377,220.6211109
0,26,1,1,1,0,0,0,140,377,29.93131682
0,22,1,1,1,1,0,0,140,380,292.3683731
1,25,1,1,1,0,0,0,141,375,9.901137005
0,22,1,1,1,1,1,0,141,375,423.330537
1,23,2,1,1,0,0,0,141,375,19.65884507
0,25,2,1,1,0,0,0,140,375,244.2673526
0,24,2,1,1,0,0,0,140,377,190.5220517
1,26,2,2,1,0,0,0,140,377,2.754664701
0,26,2,1,1,0,0,0,140,379,36.24615368
1,26,2,1,1,0,0,0,140,379,41.95360339
0,23,2,2,1,0,0,0,139,381,142.9381229
0,23,1,1,1,1,1,0,141,374,203.6342956
0,25,1,1,1,1,0,0,141,375,389.3950705
0,25,1,1,1,0,0,0,140,378,29.14596602
1,27,2,2,1,0,0,0,139,379,150.5865314
0,27,2,2,1,0,0,0,139,379,344.2530794
1,26,2,2,1,0,0,0,140,379,425.3280059
1,27,2,2,1,0,0,0,139,379,462.9786077
1,27,2,2,1,0,0,0,139,379,496.8545312
1,27,2,2,1,0,0,0,139,379,416.6070339
1,25,2,2,1,0,0,0,139,379,945.4785371
0,23,2,1,1,0,0,0,140,380,1191.506479
0,24,1,1,1,1,0,0,141,374,225.8535905
0,26,2,1,1,1,0,0,140,376,129.8066726
0,27,2,1,1,0,0,0,140,379,498.5113252
1,27,2,1,1,1,0,0,139,379,310.1745586
1,26,2,2,1,1,0,0,139,380,139.4214266
0,25,2,1,1,0,0,0,139,382,312.4864007
0,21,1,1,1,0,0,0,151,383,250.1207044
0,25,1,1,1,0,0,0,151,382,268.1033739
0,25,1,1,1,0,0,0,151,382,177.3697591
0,24,1,1,1,0,0,0,152,384,299.7041946
0,24,1,1,1,0,0,0,152,384,204.5423757
0,25,1,1,1,0,0,0,152,385,136.6013826
0,22,1,1,1,0,0,0,152,385,32.10982464
0,22,1,1,1,0,0,0,151,381,2.061598837
1,25,1,1,1,0,0,0,151,382,42.6172439
0,24,1,1,1,0,0,0,152,382,223.4046112
0,23,1,1,1,0,0,0,152,384,59.08615252
0,25,1,1,1,0,0,0,152,384,103.5083641
0,23,1,1,1,0,0,0,152,385,49.06678853
0,25,1,1,1,0,0,0,152,384,41.10015547
0,28,1,1,1,0,0,0,151,382,70.27189802
1,24,1,1,1,0,0,0,153,378,97.3015389
0,26,1,1,1,0,0,0,152,382,338.8870552
0,26,1,1,1,0,0,0,151,382,263.7396034
0,24,2,1,1,0,0,0,152,383,338.1789139
1,25,1,1,1,0,0,0,152,385,171.0192205
0,24,2,2,1,0,0,0,152,383,169.7431138
1,23,1,1,1,0,0,0,154,378,101.2606611
0,26,1,1,1,0,0,0,153,378,186.3280408
1,26,1,1,1,0,0,0,153,378,4.738536207
0,27,1,1,1,0,0,0,152,382,211.7414563
0,26,1,1,1,0,0,0,152,382,242.653364
0,24,1,1,1,0,0,0,152,384,5.215368252
1,24,1,1,0,0,0,0,152,384,71.50829514
1,24,2,2,1,0,0,0,152,385,92.82343497
0,24,2,2,1,0,0,0,152,383,235.518206
1,25,1,1,1,0,0,0,153,378,471.864889
0,25,1,1,1,0,0,0,153,378,610.9575123
1,24,1,1,1,0,0,0,153,378,64.691973
0,22,2,2,1,0,0,0,154,377,63.65342974
0,24,1,1,1,0,0,0,152,381,41.43232884
1,27,1,1,0,0,0,0,152,383,168.1752998
0,28,1,1,1,0,0,0,152,383,73.73216161
1,22,1,1,0,0,0,0,152,384,26.09016438
0,23,2,2,1,0,0,0,152,383,302.6410697
0,24,1,1,1,0,0,0,152,382,183.5389065
0,26,1,1,1,0,0,0,154,375,669.6456406
1,26,1,1,1,0,0,0,154,376,322.4365095
0,22,2,2,1,0,0,0,154,377,11.06502005
1,25,1,1,1,0,0,0,152,381,219.4662193
0,21,2,2,1,0,0,0,153,377,261.6073135
1,28,2,2,1,0,0,0,152,382,37.49286796
1,26,1,1,0,0,0,0,152,383,356.5097506
1,25,1,1,1,0,0,0,152,383,80.85934013
0,25,1,1,1,0,0,0,152,383,162.4530994
0,24,2,1,1,0,0,0,153,382,408.1672317
1,26,1,1,1,0,0,0,155,373,530.0596308
1,24,1,1,1,0,0,0,155,374,139.852381
0,23,1,1,1,0,0,0,154,376,103.6193936
0,25,1,1,1,0,0,0,155,374,19.0775254
1,26,1,1,1,0,0,0,154,375,34.41608139
1,24,2,2,1,0,0,0,152,382,137.96528
1,23,2,2,1,0,0,0,154,376,170.2597637
0,27,2,2,1,0,0,0,152,382,223.2184531
1,25,1,1,1,0,0,0,152,382,142.0756024
1,25,1,1,1,0,0,0,152,382,66.53748127
0,24,1,1,1,0,0,0,152,382,153.6989168
0,28,2,2,1,0,0,0,153,381,156.4427267
1,24,1,1,1,0,0,0,155,371,636.8834989
1,23,1,1,1,0,0,0,156,370,171.7389082
0,24,1,1,1,0,0,0,155,374,461.7704501
1,24,1,1,1,0,0,0,154,374,338.0374506
1,28,2,2,1,1,0,0,155,374,80.67953839
0,27,1,1,1,0,0,0,155,374,17.64516129
1,30,2,2,1,0,0,0,155,374,41.55830994
1,30,2,2,1,0,0,0,155,374,19.76016128
1,28,2,2,1,1,0,0,155,374,26.30827539
1,28,2,2,1,0,0,0,155,374,118.2168483
1,26,2,2,1,0,0,0,153,377,248.8759066
1,26,1,1,1,0,0,0,154,376,198.4221202
0,25,2,2,1,0,0,0,154,378,70.23202763
1,24,2,2,1,0,0,0,154,378,70.84666826
1,23,2,2,1,1,0,0,154,378,110.3205973
1,28,1,1,1,0,0,0,153,382,419.544318
0,27,1,1,1,0,0,0,153,382,393.0776513
0,24,1,1,1,0,0,0,156,370,403.2045788
0,23,1,1,1,0,0,0,156,370,575.0600191
1,27,1,1,1,0,0,0,155,374,420.3224112
0,27,1,1,1,0,0,0,156,373,87.68799018
1,30,2,2,1,0,0,0,155,375,96.10036982
1,23,1,1,1,0,0,0,154,375,15.28537993
0,23,2,2,1,0,0,0,154,377,102.6336406
1,24,2,2,1,0,0,0,154,377,33.32062466
1,24,2,2,1,0,0,0,154,377,153.2344714
1,25,2,2,1,0,0,0,154,377,129.8670549
1,26,1,1,1,0,0,0,153,381,301.8351376
0,27,1,1,1,0,0,0,153,381,38.20726432
0,23,1,1,1,0,0,0,157,368,279.1281099
0,24,1,1,1,0,0,0,157,369,25.24186543
0,24,2,2,1,0,0,0,155,373,254.6952406
0,24,2,2,1,0,0,0,154,375,139.8121363
1,23,2,1,1,0,0,0,155,373,80.15679017
1,22,2,2,1,0,0,0,155,373,84.65328852
1,23,1,1,1,0,0,0,155,373,124.9958123
0,24,2,2,1,0,0,0,154,377,66.12055073
0,27,2,1,1,1,1,0,138,398,483.9865264
0,28,2,1,1,1,0,0,138,398,408.8478008
0,31,2,2,1,0,0,0,138,398,140.5862821
0,33,2,2,1,1,0,0,138,397,145.7884884
0,30,2,2,1,1,0,0,138,397,24.52187254
0,27,1,1,1,1,0,0,139,398,586.2898992
0,29,2,1,1,1,0,0,139,397,779.6447766
0,30,2,2,1,1,0,0,139,397,302.57536
0,32,2,2,1,1,0,0,139,396,482.5517441
0,28,2,2,1,1,0,0,138,397,8.469745607
0,29,1,1,1,0,0,0,138,397,3.868374183
0,29,2,2,1,0,0,0,138,397,6.613055988
0,27,2,2,1,0,0,0,139,396,641.906392
0,27,1,1,1,0,0,0,138,396,149.6170654
0,28,1,1,1,1,0,0,139,398,906.2965918
0,29,1,1,1,1,0,0,139,396,980.9572897
0,29,2,1,1,1,0,0,139,396,9.212763434
0,30,2,1,1,1,0,0,139,396,92.80285459
0,27,2,1,1,1,0,0,139,396,18.78760814
0,27,2,1,1,1,0,0,139,396,347.3427562
0,25,2,2,1,1,1,0,139,396,6.0831191
0,27,2,2,1,0,0,0,139,396,613.6052638
1,26,2,2,1,0,0,0,139,396,113.6118476
0,23,1,1,1,1,0,0,139,396,188.4706243
0,30,2,1,1,0,0,0,139,396,177.3203055
0,28,1,1,1,1,0,0,139,396,135.0205989
0,26,1,1,1,1,0,0,139,396,33.16455261
0,27,2,1,1,1,0,0,139,396,191.8144521
1,29,1,2,1,1,0,0,139,396,51.83496916
0,30,2,1,1,1,0,0,139,397,380.4556354
0,29,1,1,1,0,0,0,139,397,90.73871403
1,29,2,1,1,0,0,0,139,396,54.56586961
0,27,2,1,1,1,0,0,139,396,8.243233775
0,27,2,1,1,1,0,0,139,396,5.343422564
1,27,2,2,1,1,1,0,139,396,24.75364683
0,28,2,2,1,1,0,0,139,396,219.9840741
0,29,2,2,1,1,0,0,139,396,28.75924354
0,28,2,1,1,1,0,0,139,396,13.96986199
0,28,2,1,1,1,0,0,139,396,51.39562392
0,28,2,2,1,1,0,0,139,396,228.3187234
0,29,2,2,1,1,1,0,139,396,64.48771892
0,29,2,2,1,1,1,0,139,396,43.88679277
0,28,2,2,1,1,0,0,139,395,23.88117119
0,28,2,2,1,1,0,0,139,395,31.5514221
0,28,2,2,1,1,0,0,139,395,69.89965109
0,29,2,2,1,1,0,0,139,394,50.71300023
0,28,2,1,1,0,0,0,139,394,21.11708432
0,28,2,1,1,0,0,0,139,394,30.61931058
0,28,2,1,1,0,0,0,139,394,32.2296156
0,24,1,1,1,1,0,0,139,396,295.8993706
1,28,1,1,1,0,0,0,139,395,40.86614358
0,30,1,1,1,0,0,0,139,395,51.89347294
0,29,1,1,1,0,0,0,139,396,258.037756
0,29,2,1,1,0,0,0,139,396,500.6109949
0,30,2,2,1,1,0,0,139,396,104.1290404
1,27,2,1,1,1,0,0,139,396,9.585375554
0,29,2,1,1,0,0,0,139,393,59.86774138
1,30,2,2,1,0,0,0,139,393,8.544885083
0,25,1,1,1,0,0,0,140,393,29.02383168
0,28,1,1,1,1,0,0,140,395,167.1579567
0,21,1,1,1,1,0,0,140,395,115.7364875
0,30,2,1,1,0,0,0,140,395,235.2192618
0,31,2,1,1,0,0,0,139,395,502.1702209
0,28,2,2,1,1,0,0,139,395,621.2284379
0,28,2,1,1,1,0,0,139,393,15.70326498
0,24,1,1,1,1,0,0,140,393,142.7084349
0,22,1,1,1,1,0,0,140,395,215.2342017
0,22,1,1,1,1,0,0,140,394,166.8595357
0,21,1,1,1,0,0,0,140,394,50.20346992
0,27,1,1,1,1,0,0,140,394,607.4607439
0,28,1,1,1,1,0,0,140,393,6.106437461
0,29,1,1,1,1,0,0,140,393,70.61268628
0,29,1,1,1,1,0,0,140,393,59.1380481
0,24,2,1,1,1,0,0,140,392,347.4345644
0,20,1,1,1,1,0,0,140,392,690.3231188
0,24,1,1,1,0,0,0,140,394,1.254011441
1,25,1,1,1,0,0,0,140,394,10.89301289
0,24,1,1,1,0,0,0,140,394,259.7938311
0,30,2,2,1,0,0,0,140,394,268.9739489
0,22,1,1,1,0,0,0,141,392,1187.74209
0,22,1,1,1,1,0,0,140,393,470.1182129
0,23,1,1,1,1,0,0,140,394,711.3673199
1,24,1,1,1,1,0,0,141,393,192.655617
0,25,1,1,1,1,0,0,141,392,705.8203124
0,28,1,1,1,0,0,0,140,393,683.2831392
0,28,2,2,1,0,0,0,140,394,42.21001397
0,27,1,1,1,1,0,0,140,394,147.6170947
0,27,2,1,1,1,0,0,140,394,142.5670297
0,28,1,1,1,1,0,0,140,394,244.6040164
1,30,2,2,1,0,0,0,140,393,148.780208
0,30,2,1,1,0,0,0,140,393,156.0364227
0,30,2,1,1,0,0,0,140,393,153.3498508
0,28,2,2,1,0,0,0,140,394,547.6985217
0,27,2,2,1,0,0,0,140,394,351.9754591
0,21,1,1,1,1,0,0,141,392,729.3250717
0,26,2,1,1,0,0,0,141,393,131.6309448
0,28,2,1,1,0,0,0,141,393,86.02546792
0,27,1,1,1,0,0,0,141,392,734.0373852
0,24,1,1,1,1,0,0,140,393,1014.765633
0,23,1,1,1,1,0,0,140,394,551.1762641
0,23,2,1,1,1,0,0,140,404,8.363635303
0,22,1,1,1,1,0,0,140,406,259.0785091
0,25,1,1,1,0,0,0,140,408,220.8135817
0,23,1,1,1,1,0,0,140,407,38.50386442
0,20,1,1,1,1,0,0,140,407,208.7467034
0,21,1,1,1,1,0,0,140,407,414.3063272
0,24,1,1,1,1,0,0,140,407,243.7057316
0,23,1,1,1,1,0,0,140,407,518.950002
0,22,1,1,1,1,0,0,140,409,447.1028911
0,24,1,1,1,1,0,0,140,409,244.3258866
0,22,1,1,1,1,0,0,139,407,496.4650253
0,24,1,1,1,1,0,0,140,408,307.0319338
0,26,2,1,1,1,0,0,139,408,258.0638506
1,27,2,1,1,1,0,0,140,408,21.71158582
1,28,2,1,1,1,0,0,140,407,486.0648576
0,24,1,1,1,1,0,0,140,407,258.7159168
0,22,1,1,1,1,0,0,140,407,225.5124661
0,25,1,1,1,0,0,0,140,407,247.5115109
0,25,2,2,1,1,0,0,140,408,248.6166129
0,26,1,1,1,1,0,0,140,408,414.1996209
0,24,2,2,1,1,0,0,140,407,57.48160946
0,23,2,1,1,1,0,0,140,408,138.7717504
0,25,1,1,1,1,0,0,140,408,105.8360198
0,24,1,1,1,1,0,0,140,407,607.5848081
0,25,2,2,1,0,0,0,140,407,157.1438383
0,27,2,2,1,0,0,0,140,408,686.3119487
0,27,1,1,1,1,0,0,140,407,603.5747721
0,25,1,1,1,1,0,0,139,407,877.7000608
0,25,1,1,1,1,0,0,140,408,536.7913465
0,26,1,1,1,1,0,0,140,408,219.856484
0,23,2,1,1,1,0,0,140,408,897.9889732
0,25,1,1,1,1,0,0,140,408,236.9941285
0,24,2,1,1,0,0,0,140,407,229.026617
1,24,1,1,1,1,0,0,140,407,174.1664668
1,26,2,1,1,1,0,0,140,406,16.161616
0,26,2,2,1,0,0,0,140,406,545.3449527
0,23,2,1,1,1,0,0,140,406,22.11156282
0,25,2,2,1,1,1,0,141,407,38.82356003
0,29,2,2,1,0,0,0,140,407,57.51060707
0,27,2,2,1,1,0,0,140,407,358.7867467
0,25,2,2,1,1,0,0,139,407,441.811104
0,24,1,1,1,1,0,0,139,408,352.5146851
0,24,2,2,1,1,0,0,139,408,374.3322041
0,26,1,1,1,1,0,0,139,408,38.81888833
1,26,1,1,1,1,0,0,140,408,191.8875658
0,23,2,1,1,1,0,0,140,408,439.8232531
0,23,1,1,1,1,0,0,140,408,83.71165757
0,24,1,1,1,1,0,0,140,408,97.86881568
0,25,2,1,1,1,0,0,140,407,371.708828
0,23,1,1,1,1,0,0,140,408,22.28966174
1,23,2,2,1,1,0,0,140,407,132.9907626
0,22,1,1,1,1,0,0,140,409,64.12706092
0,24,2,1,1,1,0,0,140,406,293.2665388
0,23,2,1,1,1,0,0,140,407,532.4353851
0,27,2,2,1,1,1,0,140,406,198.2968247
1,28,2,2,1,1,0,0,141,407,197.4890739
0,26,2,2,1,1,0,0,140,408,196.2639361
0,28,2,2,1,1,0,0,141,408,274.2307691
0,30,2,2,1,1,1,0,141,404,624.4500363
0,25,1,1,1,1,0,0,139,408,393.154309
0,24,1,1,1,1,0,0,140,408,331.4674117
0,24,1,1,1,1,0,0,140,408,530.5664697
1,24,1,1,1,1,0,0,140,408,396.928273
0,27,2,1,1,0,0,0,140,408,6.456683624
0,27,1,1,1,1,1,0,140,408,529.7916966
0,28,2,2,1,1,0,0,140,408,87.84422576
0,27,2,1,1,1,0,0,140,408,43.72791431
1,29,1,1,1,1,0,0,140,406,641.4784143
0,24,1,1,1,1,0,0,140,408,227.4801883
0,23,1,1,1,1,0,0,140,408,122.0630796
1,22,1,1,1,1,0,0,140,408,87.17761991
0,24,2,1,1,1,0,0,140,409,316.0276372
0,23,1,1,1,1,0,0,140,407,217.7569837
1,23,2,1,1,1,0,0,140,409,737.5871624
0,26,2,1,1,1,1,0,140,409,342.1816383
1,27,2,2,1,1,0,0,140,409,444.632752
0,29,1,1,1,1,0,0,140,408,511.7705416
0,27,1,1,1,1,0,0,140,409,68.76005382
1,24,2,1,1,1,0,0,140,407,56.62063974
1,24,2,1,1,1,0,0,140,407,53.48769333
0,24,1,1,1,1,0,0,140,408,291.7311347
0,23,1,1,1,1,1,0,140,408,108.4119456
0,24,2,1,1,1,0,0,140,407,66.64611787
0,24,1,1,1,1,0,0,140,408,12.81491111
1,27,2,1,1,1,0,0,140,407,60.31453482
0,26,1,1,1,1,0,0,140,409,833.3750816
0,26,2,1,1,0,0,0,140,409,854.6295942
0,26,1,1,1,1,0,0,140,409,503.5237083
0,25,1,1,1,1,0,0,140,411,421.5096607
0,26,2,2,1,1,0,0,140,405,262.6509998
1,27,1,1,1,1,1,0,140,407,100.8125121
0,27,2,2,1,1,0,0,140,407,189.736797
0,24,1,1,1,1,0,0,140,410,293.9906412
1,23,2,1,1,1,0,0,140,410,3.302490482
0,26,2,1,1,1,0,0,140,410,9.685129651
0,25,1,1,1,1,0,0,140,411,12.99262265
0,28,2,2,1,1,0,0,140,407,57.88319899
0,29,2,1,1,1,0,0,140,409,184.1212738
0,25,2,1,1,1,0,0,140,410,14.78584382
0,26,2,1,1,0,0,0,140,411,575.5351759
